Filename,Dimension1,Dimension2,Dimension3,Dimension4,Dimension5,Dimension6,Closest Text Type
10040_15,-16.15,-2.95,21.92,3.56,0.74,2.39,Learned exposition
10040_23,-22.96,-3.77,10.4,-6.49,1.65,-2.38,Learned exposition
10040_24,-20.76,-5.42,11.01,-0.45,1.12,-3.07,Learned exposition
10040_25,-31.36,-5.57,7.49,-8.32,-2.69,-2.24,Learned exposition
10040_9,-23.78,-5.13,9.84,-5.19,-0.22,-3.5,Learned exposition
10101_14,-22.34,-5.25,9.68,-6.86,0.3,-2.64,Learned exposition
10266_10,-21.46,-7.38,10.25,-9.27,-2.88,-3.5,Learned exposition
10266_16,-21.36,-4.63,12.2,-7.03,0.31,-2.34,Learned exposition
10266_17,-18.35,-5.66,7.76,1.74,-0.51,1.45,Learned exposition
10266_18,-17.12,-6.13,6.18,2.01,2.9,0.53,Learned exposition
10266_20,-33.83,-7.12,7.78,-8.72,-1.4,-3.12,Learned exposition
10363_15,-20.07,-5.89,16.6,-8.38,-1.98,-3.5,Learned exposition
10363_16,-24.3,-6.35,11.99,-8.75,-1.62,-3.5,Learned exposition
10363_17,-14.24,-5.57,10.57,-7.93,3.19,-3.5,Learned exposition
10363_19,-21.53,-3.07,10.41,-6.28,5.59,-2.4,Learned exposition
10363_20,-19.54,-4.18,10.02,-7.07,1.89,-2.24,Learned exposition
10363_21,-24.98,-5.62,11.63,-8.49,-0.83,-3.5,Learned exposition
10372_10,-18.77,-0.96,6.81,-6.18,8.68,-1.52,Scientific exposition
10372_13,-24.65,-5.01,9.12,-6.18,1.87,-2.4,Learned exposition
10372_15,-20.96,-3.62,8.97,-4.32,1.25,-1.88,Learned exposition
10372_5,-7.86,-3.27,2.73,-6.01,0.87,-3.5,General narrative exposition
10372_6,-7.86,-3.27,2.73,-6.01,0.87,-3.5,General narrative exposition
10372_7,-20.68,-2.65,3.69,-9.27,-0.14,-3.5,Learned exposition
10372_8,-24.98,-7.15,17.7,-9.27,-3.92,-3.5,Learned exposition
10372_9,-18.77,-0.96,6.81,-6.18,8.68,-1.52,Scientific exposition
10385_16,-22.64,-2.26,12.07,-4.07,3.28,-1.83,Learned exposition
10385_17,-25.97,-4.98,7.43,-6.85,-0.64,-2.33,Learned exposition
10385_19,-16.87,-5.43,7.74,0.73,2.04,2.86,Learned exposition
10385_20,-29.12,-7.38,7.19,-9.27,-2.79,-3.5,Learned exposition
10417_10,-23.17,-2.32,12.54,-2.87,0.83,0.12,Learned exposition
10417_14,-21.64,-6.43,12.37,-8.04,-1.66,-2.33,Learned exposition
10417_15,-22.53,-4.52,9.99,-6.94,0.89,-2.38,Learned exposition
10417_16,-20.44,-4.78,9.08,-6.86,0.27,-3.5,Learned exposition
10417_18,-19.41,-3.32,8.98,-2.18,2.53,-1.78,Learned exposition
10417_19,-18.25,-4.1,8.38,-4.49,-1.97,-1.26,Learned exposition
10417_20,-24.23,-4.97,-6.11,-1.08,-3.92,-3.5,Learned exposition
10417_21,-25.42,-4.64,8.81,-4.05,-2.91,-3.5,Learned exposition
10417_22,-19.37,-3.08,7.8,-3.26,0.39,-1.68,Learned exposition
10555_13,-28.46,-5.25,4.49,-3.55,1.35,-3.5,Learned exposition
10555_15,-24.6,-3.73,13.48,-6.59,5.31,-2.4,Learned exposition
10555_20,-21.43,-4.97,7.89,-9.27,-3.39,-3.5,Learned exposition
10555_23,-20.97,-4.85,7.81,-6.78,-0.36,-2.46,Learned exposition
10555_24,-35.08,-6.74,7.57,-7.43,-1.25,-3.5,Learned exposition
10854_12,-20.67,-4.62,9.62,-6.09,0.86,-2.6,Learned exposition
11098_13,-22.45,-5.09,10.82,-4.51,6.08,-3.04,Learned exposition
11098_14,-23.88,-3.88,8.85,-7.17,0.93,-3.09,Learned exposition
11098_15,-21.94,-5.41,10.58,-5.16,2.08,-3.5,Learned exposition
11098_18,-12.62,-4.94,11.7,4.56,2.28,-0.52,Scientific exposition
11098_19,-19.92,-5.13,8.13,2.39,0.35,-1.29,Learned exposition
11268_13,-22.14,-4.52,8.21,-3.24,5.95,-2.33,Learned exposition
11268_14,-22.25,-5.37,7.73,-6.95,-0.28,-3,Learned exposition
11268_15,-13.16,0.0199999999999999,8.88,-2.27,-0.95,-3.5,Learned exposition
11268_17,-24.95,-3.71,11.16,-3.78,0.00999999999999995,-1.73,Learned exposition
11326_5,-17.75,-1.35,12.93,-2.38,2.33,-2.35,Learned exposition
11369_16,-16.53,-5.19,7.03,0.339999999999999,-0.48,-1.12,Learned exposition
11369_17,-15.89,-6.04,4.76,-2.25,0.28,-0.81,Learned exposition
11369_18,-24.89,-6.67,11.26,-3.95,-3.73,-2.9,Learned exposition
11912_12,-22.41,-6.12,15.74,-7.65,0.89,-3.5,Learned exposition
11912_14,-23.12,-4.96,8.7,-6.87,-0.28,-2.65,Learned exposition
11912_16,-24.35,-6.98,10.78,-4.1,-1.2,-3.24,Learned exposition
11966_11,-17.08,-3.86,17.55,6.85,-1.14,-0.95,Learned exposition
11966_18,-20.4,-4.63,10.47,-7.22,1.11,-2.41,Learned exposition
11966_19,-24.37,-5.61,8.56,-2.54,0.52,-2.54,Learned exposition
11966_6,-25.75,-6.39,15.41,-8.51,0.56,-2.91,Learned exposition
12005_11,-24.39,-5.81,6.35,-4.17,0.59,-3.5,Learned exposition
12005_9,-24.51,-4.68,9.96,-7.13,0.68,-2.93,Learned exposition
12143_5,-21.89,-3.88,10.26,-4.07,1.52,-1.62,Learned exposition
1217_10,-15.75,-2.44,24.46,-0.64,0.96,2.43,Learned exposition
1217_12,-28.78,-7.38,4.03,-9.27,-3.21,-2.93,Learned exposition
12181_10,-26.78,0.15,10.37,-6.73,5.58,-3.5,Learned exposition
12181_11,-24.22,1.79,3.83,-7.03,4.31,-1.21,Learned exposition
12181_12,-19.02,-4.59,5.43,-1.67,3.56,-1.45,Learned exposition
12181_14,-22.02,-5.23,3.98,-4.12,-0.18,-2.36,Learned exposition
12181_15,-18.64,-1.12,15.95,-0.55,-0.56,-1.55,Learned exposition
12181_16,-23.96,-4.28,13.32,-4.76,4.59,-1.74,Learned exposition
12181_17,-21.45,-4.21,7.11,-4.63,3.25,-2.76,Learned exposition
12181_18,-23.73,-5.56,12.31,-6.24,4.9,-0.93,Learned exposition
12181_19,-23.73,-5.56,12.31,-6.24,4.9,-0.93,Learned exposition
12181_21,-22.45,-0.0099999999999999,12.26,-9.27,-0.73,-3.5,Learned exposition
12181_22,-21.85,-7.06,9.36,-8.7,-3.92,-3.5,Learned exposition
12181_24,-16.29,0.93,10.58,-4.73,1.96,-2.35,Learned exposition
12181_25,-18.05,-5.13,11.74,-9.27,1.42,-3.5,Learned exposition
12181_27,-20.78,-3.9,15.78,-9.27,-1.44,-2.74,Learned exposition
12181_28,-26.9,-6.52,9,-9.27,-1.59,-3.5,Learned exposition
12181_29,-25.38,-4.95,5.05,-8.73,-1.12,-3.5,Learned exposition
12181_30,-18.12,0.31,7.18,-4.79,1.09,-2.64,Learned exposition
12181_31,-18.45,-4.69,7.29,-8.75,-3.05,-2.81,Learned exposition
12181_32,-21.88,-5.13,15.43,-9.27,0.91,-2.83,Learned exposition
12181_33,-21.54,-5.26,7.2,-5.21,-1.33,-3.5,Learned exposition
12181_34,-22.91,-3.99,7.36,-5.92,-0.28,-3,Learned exposition
12181_35,-19.11,-2.37,5.4,-5.84,3.69,-2.71,Learned exposition
12181_36,-20.13,-4.36,7.33,-9.27,-0.0500000000000002,-3.5,Learned exposition
12181_37,-24.52,-6.88,9.44,-8.22,0.79,-1.95,Learned exposition
12181_39,-21.17,-5.5,6.61,-7.09,3.6,-3,Learned exposition
12181_40,-20.58,-5.11,9.28,-5.37,1.18,-2.15,Learned exposition
12181_41,-20.7,-6.23,10.1,-5.18,-1.25,-3.5,Learned exposition
12181_42,-22.89,-3.71,9.37,-3.37,0.63,-1.89,Learned exposition
12492_14,-25.04,-3.99,15.24,-8.32,-0.25,-3.5,Learned exposition
12492_19,-24.38,-4.8,9.04,-6.64,2.08,-2.61,Learned exposition
12492_21,-22.78,-7.13,8.89,-0.79,-0.22,-1.34,Learned exposition
12492_22,-27.24,-6.05,15.48,-7.22,-1.37,-2.62,Learned exposition
12528_11,-16.27,-2.77,21.78,-0.17,0.92,-1.7,Learned exposition
12528_13,-23.99,-4.32,10.47,-6.77,3.23,-1.52,Learned exposition
12528_14,-25.32,-6.39,8.77,-6.32,-1.72,-1.81,Learned exposition
12528_17,-24.91,-4.61,9.42,-7.38,-0.29,-3,Learned exposition
12528_19,-22.63,-5.35,13.93,-5.22,3.82,-3.5,Learned exposition
12528_20,-31.55,-4.84,9.65,-7.28,-2.08,-2.9,Learned exposition
1267_12,-28,-6.25,15.14,-8.23,-2.37,-3.5,Learned exposition
1267_13,-24.02,-5.35,12.92,-7.02,2.56,-2.81,Learned exposition
1267_14,-25.38,-5.2,9.91,-7.79,-1.51,-3,Learned exposition
1267_16,-17.85,-6.38,8.66,2.77,0.61,-1.15,Learned exposition
1267_8,-16.78,-4.34,22.98,0.98,-0.75,2.12,Learned exposition
12762_11,-13.63,-3.17,1.55,-4.61,-3.45,-0.59,General narrative exposition
12762_13,-15.96,-4.26,24.61,-0.04,1.75,1.54,Learned exposition
12762_14,-16.29,-0.76,14.67,-2.07,3.43,-2.31,Learned exposition
12762_18,-24.95,-5.19,9.18,-7,0.72,-2.72,Learned exposition
12762_19,-22.32,1.31,8.77,-2.74,-0.48,-2.19,Learned exposition
12762_20,-22.2,-4.79,12.63,-4.69,4.26,-0.55,Learned exposition
12762_23,-22.17,-5.62,7.31,5.18,-0.21,-0.93,Learned exposition
12795_10,-18.81,-2.44,21.56,0.130000000000001,1.27,1.1,Learned exposition
12795_16,-24.19,-5.51,8.43,-8.11,10.39,-2.97,Learned exposition
12795_17,-21.57,-4.43,7.3,-6.4,1.44,-2.4,Learned exposition
12795_18,-30.05,-7.09,9.7,-9.27,-2.69,-3.5,Learned exposition
12906_14,-15.39,-2.54,21.97,4.08,-2.33,2.62,Learned exposition
12906_16,-19.3,-4.34,10.59,-5.81,4.19,-1.98,Learned exposition
12906_22,-21.59,-5.17,9.69,-7.38,-0.84,-2.81,Learned exposition
12906_23,-21.56,-5.28,9.87,-8.36,-2.36,-3.5,Learned exposition
12906_24,-31.98,-6.67,11.26,-7.77,-2.68,-3.5,Learned exposition
12951_12,-19.88,-2.86,11.89,-7.19,2.12,-1.08,Learned exposition
12951_16,-22.21,-6.16,10.14,-9.27,-1,-3.5,Learned exposition
12951_18,-20.48,-4.22,10.64,-4.79,2.57,-2.03,Learned exposition
12951_20,-25.93,-4.05,15.67,-6.92,0.94,-0.9,Learned exposition
12951_21,-33.49,-7.14,6.59,-5.88,-1.73,-3.5,Learned exposition
12951_23,-17.59,-3.1,17.85,-7.43,-2.36,-1.04,Learned exposition
12951_24,-17.98,-5.08,6.22,1.19,4.14,-0.88,Learned exposition
12951_26,-23.99,-7.06,8.67,-3.28,-1.14,-2.64,Learned exposition
12951_27,-16.64,-6.71,7.48,8.47,2.3,-0.83,Learned exposition
13066_13,-21.78,-4.03,13.01,-6.13,4.02,-2.07,Learned exposition
13066_17,-26.5,-5.94,11.87,-9.27,0.57,-3.5,Learned exposition
13066_18,-22.63,-5.01,8,-5.93,0.43,-2.83,Learned exposition
13066_19,-24.76,-6.05,7.86,-5.79,-2.77,-3.5,Learned exposition
13123_13,-21.76,-0.21,7.71,-9.27,-3.92,-3.5,Learned exposition
13123_16,-20.88,-4.99,12.91,-5.16,5.19,-1.59,Learned exposition
13123_17,-23.1,-5.38,8.37,-7.55,-0.0399999999999999,-2.99,Learned exposition
13123_18,-18.07,-4.28,8.44,4.72,0.16,-1.21,Learned exposition
13123_19,-38.85,-7.06,2.81,-9.27,-3.67,-3.09,Learned exposition
13136_12,-25.15,-2.71,10.38,-3.71,5.66,-2.24,Learned exposition
13136_13,-26.22,-6.56,8.64,-8.39,-0.65,-3.5,Learned exposition
13136_14,-26.21,-6,6.61,-7.33,1.47,-3.04,Learned exposition
13136_18,-24.51,-3.04,11.19,-4.55,5.09,-2.03,Learned exposition
13136_19,-23.99,-6.91,9.3,-7.94,0.0399999999999999,-3.5,Learned exposition
13136_20,-25.94,-5.46,7.35,-7.35,2.21,-3.14,Learned exposition
13136_22,-23.65,-4.15,12.37,-6.22,0.45,-3,Learned exposition
13136_23,-22.95,-4.17,10.07,-5.23,1.38,-2.69,Learned exposition
13136_6,-26.09,-4.48,14.42,-6.12,3.79,-2.71,Learned exposition
13136_7,-26.59,-6.67,10.23,-7.9,-1.54,-3.5,Learned exposition
13136_8,-24.31,-5.96,9.57,-7.66,-0.87,-3.31,Learned exposition
13219_10,-17.64,-5.23,10.02,4.21,1.98,0.23,Learned exposition
13219_11,-15.7,-5.26,9.83,1.94,0.84,0.57,Learned exposition
13219_7,-23.09,-4.72,10.04,-7.36,0.34,-3.04,Learned exposition
13219_8,-21.94,-2.78,9.3,-7.72,-0.33,-3.5,Learned exposition
13219_9,-23.12,-6.95,11.37,-6.57,-3.26,-2.71,Learned exposition
13283_11,-25.31,-4.69,9.34,-7.36,0.37,-2.84,Learned exposition
13283_13,-16.16,-5.27,8.4,6.89,1.78,-1.97,Learned exposition
13283_14,-27.21,-5.47,5.2,-9.27,-2.7,-3.5,Learned exposition
13312_15,-21.28,-4.06,12.91,-4.81,4.93,-1.38,Learned exposition
13312_16,-22.32,-3.93,8.07,-6.17,1.6,-2.19,Learned exposition
13312_17,-32.59,-7.32,4,-8.93,-2.18,-3.04,Learned exposition
13312_19,-4.15,5.06,11.65,-9.27,8.44,-3.5,Scientific exposition
13312_20,-16.24,-7.06,8.99,0.44,1.67,-0.09,Learned exposition
13312_21,-24.42,-6.91,3.78,-4.94,-1.87,-2.71,Learned exposition
13312_9,-14.26,-2.01,22.33,1.18,1.3,2.6,Learned exposition
13464_29,-21.34,-3.46,9.19,-2.82,2.97,-0.43,Learned exposition
13464_30,-21.34,-3.46,9.19,-2.82,2.97,-0.43,Learned exposition
13464_34,-22.67,-4.84,9.65,-5.41,1.19,-2.34,Learned exposition
13464_35,-21.34,-4.32,9.12,-3.8,1.41,-2.23,Learned exposition
13563_12,-22.75,-4.39,9.83,-6.47,2.05,-2.85,Learned exposition
13563_13,-23.14,-4.04,8.46,-6.6,0.82,-2.64,Learned exposition
13563_14,-26.13,-7.21,8.66,-8.92,-1.84,-3.14,Learned exposition
13563_15,-24.33,-6.59,8.87,-9,-2.96,-3.14,Learned exposition
13563_17,-23.81,-6.52,9.5,-5.6,-2.8,-2.76,Learned exposition
13563_7,-25.06,-3.76,12.87,-8.66,-2.91,-2.69,Learned exposition
13563_8,-24.37,-4.83,9.77,-9.27,-2.8,-3.5,Learned exposition
13620_11,-22.92,-4.6,9.35,-6.26,0.39,-2.38,Learned exposition
13620_12,-30.64,-7.31,6.87,-9.27,5.95,-3.5,Learned exposition
13687_10,-26.05,-7.07,9.55,-8.72,-3.45,-1.26,Learned exposition
13687_11,-23.5,-4.56,9.76,-7.01,0.82,-2.6,Learned exposition
13687_9,-22.56,-7.21,9.42,-8.36,-3.15,-1.07,Learned exposition
13749_13,-22.81,-4.57,8.76,-5.5,1.15,-2.5,Learned exposition
13749_15,-13.52,-7.29,15.9,-9.27,-0.44,-2.83,Learned exposition
13749_17,-33.52,-7.38,1.96,-9.27,-3.92,-3.5,Learned exposition
13766_12,-24.03,-4.72,11.6,-7.76,0.59,-2.32,Learned exposition
13766_14,-19.98,-6.3,11.32,6.55,0.73,-0.62,Learned exposition
13930_18,-23.2,-5.34,10.28,-7,-0.17,-2.86,Learned exposition
13930_1,-22.86,-5.54,15.9,-3.62,4.2,-3.5,Learned exposition
13930_20,-21.76,-4.8,12.96,-1.85,-0.91,-2.33,Learned exposition
13930_21,-21.34,-6.73,13.14,-2.38,-1.87,-2.88,Learned exposition
13956_10,-24.1,-4.89,14.13,-6.94,3.7,-2.35,Learned exposition
13956_11,-24.09,-6.72,10.32,-9.27,-2.21,-2.93,Learned exposition
13956_12,-25.23,-4.58,10.01,-7.88,0.77,-2.6,Learned exposition
13956_14,-29.35,-7.01,12.03,-9.27,-2.81,-3.5,Learned exposition
13956_16,-22.16,-5.13,8.63,-5.59,1.76,-2.21,Learned exposition
13956_18,-21.91,-3.55,8.98,-5.26,-0.67,-2.66,Learned exposition
13956_19,-25.21,-7.03,13.26,-7.24,-1.51,-2.57,Learned exposition
13956_21,-21.9,-2.99,14.04,-8.49,0.79,-3.5,Learned exposition
13956_23,-20.99,-4.09,6.94,-5.77,0.88,-1.78,Learned exposition
13956_24,-20.38,-2.6,8.65,-4.08,1.7,-1.64,Learned exposition
13956_25,-16.11,-4.98,5.34,1.29,3.31,-2.76,Learned exposition
13956_26,-20.4,-7,6.91,-3.42,0.48,-1.81,Learned exposition
13956_27,-27.67,-3.84,9.07,-5.32,-0.8,-2.81,Learned exposition
13956_28,-26.41,-3.92,9.03,-4.57,0.54,-2.12,Learned exposition
13956_5,-15.37,-6.71,5.77,-8.13,-1.88,-1.97,Learned exposition
14123_16,-24.78,-5.07,9.67,-7.07,0.36,-2.89,Learned exposition
14123_18,-23.66,-4.29,9.19,-3.67,0.78,-2.09,Learned exposition
14143_10,-22.49,-5.73,9.88,-7.27,0.38,-2.38,Learned exposition
14143_11,-27.9,-5.46,4.72,-9.27,-2.86,-3.5,Learned exposition
14143_13,-15.41,-6.26,8.94,1.35,2.35,-0.0700000000000001,Learned exposition
14143_14,-22.91,-7.38,14.74,-4.77,-1.7,-2.62,Learned exposition
14143_15,-20.76,-6.05,8.19,1.24,-0.07,-2.62,Learned exposition
14186_12,-21.89,-4.04,8.67,-4.01,1.03,-1.74,Learned exposition
1419_13,-15.2,-2.32,20.42,6.67,-2.27,2.86,Learned exposition
1419_15,-28.14,-3.4,11.9,-9.27,-2.4,-2.97,Learned exposition
1419_16,-23.92,-3.31,10.74,-7.59,7.38,-2.19,Learned exposition
1419_17,-23.36,-4.61,9.15,-7.78,0.69,-2.74,Learned exposition
1419_18,-32.06,-7.38,7.03,-9.27,-3.05,-2.85,Learned exposition
1419_19,-25.18,-4.53,10.6,-8.65,-3.39,-3.5,Learned exposition
1419_20,-19.24,-5.9,6.91,5.64,1.71,-0.86,Learned exposition
14218_14,-17.16,-2.29,28.5,-0.59,1.45,-0.12,Learned exposition
14218_17,-25.87,-4.67,6.96,-8.27,4.28,-2.76,Learned exposition
14218_21,-23.1,-3.3,10.95,-6.36,4.69,-2.19,Learned exposition
14218_22,-24.42,-4.59,8.63,-7.77,-0.3,-2.9,Learned exposition
14218_24,-26.3,-6.42,9.39,-7.3,-1.29,-3.5,Learned exposition
1432_10,-23.75,-0.69,5.24,-6.4,5.94,-3.31,Learned exposition
1432_18,-22.99,-4.87,9.2,-7.19,1.04,-2.36,Learned exposition
1432_19,-16.81,-2.49,6.04,-7.57,-3.2,-2.35,Learned exposition
1432_21,-16.34,-3.05,20.09,-0.2,0.84,1.86,Learned exposition
1432_28,-18.53,-5.58,5.85,0.11,1,0.74,Learned exposition
1432_30,-29.96,-6.03,5.83,-6.72,-2.14,-2.43,Learned exposition
14331_17,-19.02,-4.42,15.64,-9.27,-3.92,-3.5,Learned exposition
14331_22,-29.31,-6.85,7.38,-9.27,-3.18,-3.5,Learned exposition
14331_23,-23.02,-4.45,9.5,-6.21,0.77,-2.74,Learned exposition
14331_24,-21.3,-4.91,10.14,-3.26,4.26,-1.14,Learned exposition
14381_3,-17.56,-1.12,14.47,-0.85,0.48,-1.24,Learned exposition
14381_4,-23.25,-4.74,9.83,-9.27,-2.06,-2.95,Learned exposition
14381_6,-25.62,-6.06,14.44,-9.27,-1.97,-2.52,Learned exposition
14381_7,-22.89,-3.95,11.4,-6.26,6.58,-2.16,Learned exposition
14381_8,-22.52,-5.04,9.15,-6.01,0.9,-2.83,Learned exposition
14381_9,-23.69,-3.35,9.85,-4.92,0.98,-2.09,Learned exposition
14462_16,-30.93,-7.38,7.63,-9.27,-2.01,-3.5,Learned exposition
14462_9,-23.36,-4.47,9.77,-7.13,1.12,-2.53,Learned exposition
14587_10,-24.27,-2.83,15.88,-2.56,0.85,0.74,Learned exposition
14587_14,-28.32,-5.5,11.55,-8.11,-1.39,-3,Learned exposition
14644_17,-22.2,-4.12,8.73,-5.19,0.89,-2.58,Learned exposition
14644_18,-28.78,-6.85,28.71,-9.27,-0.67,-3.5,Learned exposition
14644_19,-20.56,-7.38,22.07,-5.11,3.6,-3.5,Learned exposition
14644_20,-18.8,-5.7,8.85,-4.31,0.6,-2.19,Learned exposition
14644_7,-25.26,-4.47,6.13,-7.29,-0.64,-3.12,Learned exposition
14644_9,-21.77,-3.19,13.67,-0.61,-0.64,-0.24,Learned exposition
14737_12,-24.08,-5.33,14.21,-7.87,1.42,-3.04,Learned exposition
14737_14,-14.48,-2.28,15.13,0.61,1.36,-2.03,Learned exposition
14737_17,-20.93,-4.06,12.37,-3.27,-0.02,-1.76,Learned exposition
14737_3,-22.56,-1.53,5.82,-5.09,4.34,-2.02,Learned exposition
14737_5,-21.21,-2.29,8.14,-2.66,1.77,-1.24,Learned exposition
14737_8,-23.99,-6.91,11.04,-9.27,-3.2,-2.35,Learned exposition
14750_16,-22.63,-4.34,9.6,-6.58,0.71,-2.72,Learned exposition
14750_17,-18.05,-4.63,7.22,-8.36,-1.59,-3.5,Learned exposition
14750_18,-38.81,-7.29,5.25,-9.27,-3.63,-3.5,Learned exposition
14765_16,-26.15,-4.95,9.58,-6.59,0.69,-2.57,Learned exposition
14804_17,-23.29,-4.5,8.68,-6.54,1.05,-2.4,Learned exposition
14804_18,-23.05,-3.97,7.89,-3.09,0.04,-2.26,Learned exposition
14842_10,-23.17,-2.63,9.63,-5.02,5.05,-2.28,Learned exposition
14842_13,-23.63,-1.21,12.58,-9.27,-0.21,-3.5,Learned exposition
14842_16,-26.19,-3.41,9.65,-7.05,-0.97,-2.78,Learned exposition
14842_17,-32.31,-7.38,7.27,-9.27,-3.47,-3.5,Learned exposition
14842_9,-15.86,-3.83,24.72,-1.18,-1.44,1.98,Learned exposition
15271_14,-19.38,-4.93,18.65,-1.02,0.17,0.14,Learned exposition
15271_16,-23.87,-7.27,21.28,-9.27,-3.92,-3.5,Learned exposition
15271_20,-22.83,-3.91,11.74,-4.38,4.02,-1.88,Learned exposition
15271_21,-25.08,-3.83,9.37,-6.6,-0.36,-2.55,Learned exposition
15271_24,-16.03,-6.52,12.97,2.78,-0.46,-1.74,Learned exposition
15405_13,-21.43,-5.47,9.88,-6.62,1.05,-2.6,Learned exposition
15405_14,-26.19,-7.2,6.26,-9.01,-1.67,-3.5,Learned exposition
15405_15,-27.41,-6.65,8.63,-7.96,-2.09,-3.02,Learned exposition
15405_16,-23.68,-6.44,3.56,-8.15,1.13,-3.5,Learned exposition
15405_17,-27.19,-5.78,13.8,-8.58,-3.53,-3.5,Learned exposition
15418_14,-23.61,-4.86,9.3,-6.54,0.29,-2.4,Learned exposition
15418_8,-16.22,-4.69,19.75,-1.58,-0.3,5.26,Learned exposition
15420_11,-21.57,-4.08,10.05,-6.58,2.14,-2.64,Learned exposition
15420_17,-19.71,-5.86,8.13,-5.3,-2.25,-2.97,Learned exposition
15420_7,-21.92,-3.38,12.19,-8.75,-3.49,-2.81,Learned exposition
15434_1,-21.11,-7.27,11.44,-8.66,-2.31,-3.5,Learned exposition
15590_12,-23.7,-5.41,13.25,-6.98,3.6,-2.47,Learned exposition
15590_13,-23.15,-4.42,8.95,-7.14,0.19,-2.37,Learned exposition
15590_14,-22.35,-2.51,5.97,-4.5,-1.65,-1.02,Learned exposition
15590_6,-14.28,-4.66,27.1,-0.279999999999999,-3.12,3.88,Learned exposition
1579_15,-18.32,-3.01,10.2,-3.51,2.19,-1.59,Learned exposition
1579_16,-20.76,-2.43,9.04,-2.99,1.35,-3.14,Learned exposition
15816_18,-24.72,-5.64,8.24,-8.75,-2.21,-3.5,Learned exposition
15816_19,-22.49,-4.45,13.68,-3.95,5,-2.57,Learned exposition
15816_20,-24.52,-5.26,7.89,-7.16,-0.15,-2.87,Learned exposition
15816_21,-19.36,-5.68,11,-3.65,6.11,-2,Learned exposition
15816_22,-25.94,-5.89,8.29,-7.5,0.6,-3.21,Learned exposition
15816_24,-22.39,-2.04,13.96,-6.95,0.0099999999999999,-3.5,Learned exposition
15816_25,-17.67,-5.54,8.05,2.36,2.25,-1.59,Learned exposition
15816_27,-22.76,-4.77,8.86,-4.41,0.34,-2,Learned exposition
15817_18,-24.72,-5.64,8.24,-8.75,-2.21,-3.5,Learned exposition
15817_19,-22.49,-4.45,13.68,-3.95,5,-2.57,Learned exposition
15817_20,-24.52,-5.26,7.89,-7.16,-0.15,-2.87,Learned exposition
15817_21,-19.36,-5.68,11,-3.65,6.11,-2,Learned exposition
15817_22,-25.94,-5.89,8.29,-7.5,0.6,-3.21,Learned exposition
15817_24,-22.39,-2.04,13.96,-6.95,0.0099999999999999,-3.5,Learned exposition
15817_25,-17.67,-5.54,8.05,2.36,2.25,-1.59,Learned exposition
15817_27,-18.01,-6.22,6.97,-0.17,-0.38,-1.24,Learned exposition
16030_18,-19.53,-2.88,8.9,-3.94,7.21,-1.41,Learned exposition
16030_19,-23.04,-5.16,9.33,-7.71,0.48,-2.59,Learned exposition
16030_20,-23.02,-6.64,11.63,-9.27,-3.05,-3.5,Learned exposition
16030_21,-18.28,-5.33,8.84,-2.17,3.16,0.62,Learned exposition
16030_22,-19.28,-6.63,7.66,1.41,3.28,-0.62,Learned exposition
16030_23,-18.17,-6.09,6.81,-3.21,-1.44,-1.54,Learned exposition
16126_18,-26.24,-3.26,8.04,-8.86,-2.48,-1.85,Learned exposition
16126_19,-26.24,-3.26,8.04,-8.86,-2.48,-1.85,Learned exposition
16126_23,-22.24,-7.11,12.52,-9.27,-2.7,-0.62,Learned exposition
16126_24,-23.63,-3.9,8.9,-7.57,1.08,-2.53,Learned exposition
16126_26,-24.16,-6.5,9.58,-9.27,-2.48,-3.5,Learned exposition
16190_12,-23.61,-4.7,13.17,-5.98,5.21,-2.76,Learned exposition
16190_13,-26.62,-3.27,10.54,-6.32,0.92,-2.19,Learned exposition
16190_15,-29.17,-6.12,3.23,-8.82,-0.01,-2.28,Learned exposition
16190_16,-33.19,-6.63,1.4,-7.71,-3.33,-3.5,Learned exposition
1661_10,-25.75,-4.94,9.92,-6.92,-0.76,-2.52,Learned exposition
1661_11,-27.43,-5.41,8.76,-4.84,-0.38,-3.09,Learned exposition
1661_8,-30.15,-6.18,13.13,-9.27,-3.05,-2.52,Learned exposition
1661_9,-23.38,-4.36,10.93,-5.78,5.23,-2.92,Learned exposition
16853_12,-24.44,-3.7,7.54,-7.76,0.68,-3.5,Learned exposition
16853_16,-25.34,-5.35,10.75,-6.86,1.35,-2.6,Learned exposition
16853_18,-35.63,-7.38,2.44,-9.27,-3.92,-3.5,Learned exposition
16853_19,-12.98,-6.25,13.55,7.25,0.34,0.8,Learned exposition
16853_20,-19.23,-5.19,8.3,6.7,0.51,-2.59,Learned exposition
16980_15,-21.39,-6.07,13.31,-2.77,0.31,-1.74,Learned exposition
16980_17,-22.39,-5.85,7.39,0.29,0.66,-1.52,Learned exposition
16980_18,-20,-4.28,8.66,-3.14,0.78,-0.47,Learned exposition
16980_19,-26.14,-6.91,9.5,-9.27,-2.4,-3.5,Learned exposition
16980_20,-23.7,-2.21,4.73,-6.74,-2.21,-2.97,Learned exposition
16980_21,-20.46,-6.38,9.25,-4.2,0.11,0.15,Learned exposition
16980_22,-23.97,-4.93,9.74,-5.07,1.06,-1.88,Learned exposition
16980_25,-25.43,-5.35,9.03,-6.63,-0.47,-2.65,Learned exposition
17022_10,-22.67,-1.35,12.84,-9.27,-3.33,-3.5,Learned exposition
17022_15,-22.71,-4.42,9.6,-6.87,1.31,-2.55,Learned exposition
17022_16,-18.54,-6.42,8.91,3.51,0.82,0.76,Learned exposition
17022_18,-25.01,-4.81,7.59,-1.05,-0.47,-2.9,Learned exposition
17086_11,-20.55,-5.13,11.73,-5.59,7.38,-2.54,Learned exposition
17086_12,-22.3,-6.38,18.16,-9.27,2.58,-3.5,Learned exposition
17086_15,-22.46,-4.43,8.33,-7.1,0.49,-2.67,Learned exposition
17086_16,-20.7,-5.01,8.09,-3.78,-2.44,-0.64,Learned exposition
17126_11,-16.34,-4.41,13.35,-0.5,1.47,1.29,Learned exposition
17126_13,-23.89,-4.89,8.67,-6.62,0.48,-2.54,Learned exposition
17126_15,-18.48,-5.58,8.91,2.74,2.57,0.9,Learned exposition
17191_13,-19.81,-3.65,15.88,-9.27,-2.29,-3.5,Learned exposition
17191_17,-22.61,-3.56,14.9,-7.01,3.52,-2.69,Learned exposition
17191_18,-23.25,-3.85,8.61,-7.91,0.33,-2.78,Learned exposition
17191_21,-33.92,-6.58,5.86,-8.07,-2.63,-3.5,Learned exposition
17246_13,-25.11,-1.68,11.86,0.01,-0.0300000000000001,-1.74,Learned exposition
17246_15,-23.32,-3.26,18.33,-5.41,2.15,-2.38,Learned exposition
17246_16,-20.64,-2.45,12.03,-0.31,10.88,-0.57,Scientific exposition
17246_17,-22.37,-4.73,9.7,-4.64,2.53,-2.48,Learned exposition
17246_18,-23.13,-3.08,11.62,-6.71,3.71,-2.9,Learned exposition
17246_19,-22.92,-4.24,11.27,-5.83,1.28,-2.22,Learned exposition
17258_15,-23.2,-3.47,8.52,-5.14,4.67,-1.5,Learned exposition
17258_16,-23.54,-4.33,9.48,-6,1.75,-2.79,Learned exposition
17258_18,-35.07,-6.74,3.63,-9.27,-2.98,-3.5,Learned exposition
17258_22,-30.31,-7.38,3.25,-9.27,0.44,-3.5,Learned exposition
17258_23,-19.74,-6.67,13.24,3.82,0.0299999999999999,-2.57,Learned exposition
17271_14,-23.8,-5.13,9.15,-7.1,0.75,-2.81,Learned exposition
17271_15,-26.15,-7.15,7.9,-7.87,0.46,-3.5,Learned exposition
17271_16,-25.71,-3.41,7.72,3.16,3.96,-1.16,Learned exposition
17271_9,-14.45,-0.5,20.24,3.7,-1.32,4.55,Learned exposition
17365_10,-19.95,-3.52,8.53,-3.56,3.26,-2.33,Learned exposition
17365_11,-19.95,-3.52,8.53,-3.56,3.26,-2.33,Learned exposition
17365_15,-24.68,-3.17,9.23,-4.08,-0.67,-1.04,Learned exposition
17365_17,-17.18,-3.21,4.23,-1.25,-0.87,-1.81,Learned exposition
17365_20,-21.82,-3.62,5.44,-5.02,2.27,-1.87,Learned exposition
17365_21,-24.2,-6.52,7.41,-6.43,3.03,-1.14,Learned exposition
17365_22,-18.82,0.78,7.35,-3.96,-0.01,1.07,Learned exposition
17365_23,-19.19,-7.07,11.42,-7.18,-2.52,-3.5,Learned exposition
17365_24,-22.03,-4.61,16.9,-7.26,-0.3,-2.57,Learned exposition
17365_26,-22.11,-1.33,11.78,-6.13,0.22,-2.19,Learned exposition
17365_27,-22.11,-1.33,11.78,-6.13,0.22,-2.19,Learned exposition
17365_28,-22.11,-1.33,11.78,-6.13,0.22,-2.19,Learned exposition
17365_29,-22.04,-3.04,11.52,-4.68,3.62,-1.69,Learned exposition
17365_31,-20.21,-4.12,6.79,-4.3,0.52,-2.45,Learned exposition
17365_32,-20.35,-4.37,13.73,-1.24,4,-1.97,Learned exposition
17365_33,-22.93,-4.72,10.62,-3.1,4.83,-2.33,Learned exposition
17365_34,-20.79,-2.32,19.21,-7.34,0.8,-1.43,Learned exposition
17365_35,-25.87,-7.11,16.66,-9.27,-3.01,-2.19,Learned exposition
17365_37,-24.26,-5.5,9.65,-6.96,-0.54,-2.31,Learned exposition
17365_38,-17.97,-6.46,6.22,-9.27,-0.92,-2.35,Learned exposition
17365_39,-21.12,-7.17,6.48,-8.15,-1.08,-3.19,Learned exposition
17365_40,-23.9,-6.57,7.23,-6.26,-0.22,-3.5,Learned exposition
17365_41,-19.55,-4.76,9.91,-3.33,3.47,-1.42,Learned exposition
17365_42,-20.4,-7.08,13.45,-9.27,-2.56,-2.43,Learned exposition
17365_43,-27.05,-6.47,18.57,-8.51,-1.5,-3.12,Learned exposition
17365_44,-25.5,-5.11,18.8,-8.03,-0.69,-2.62,Learned exposition
17365_46,-29.4,-5.99,16.41,-7.79,-0.1,-3.5,Learned exposition
17365_47,-19.53,-6.57,4.15,-9.27,-1.17,-3.5,Learned exposition
17365_48,-19.53,-6.57,4.15,-9.27,-1.17,-3.5,Learned exposition
17365_49,-18.64,-4.82,6.58,-1.16,4.77,-2.83,Learned exposition
17365_50,-18.64,-4.82,6.58,-1.16,4.77,-2.83,Learned exposition
17365_51,-30.74,-4.2,8.49,-4.35,1.53,-2.52,Learned exposition
17365_6,-24.45,-4.14,13.79,-2.71,0.21,-0.86,Learned exposition
17365_7,-19.95,-3.52,8.53,-3.56,3.26,-2.33,Learned exposition
17365_9,-19.95,-3.52,8.53,-3.56,3.26,-2.33,Learned exposition
17457_16,-21.71,-4.97,9.64,-6.85,0.14,-2.72,Learned exposition
17457_18,-23.32,-5.02,8.32,-2.66,-2.52,-2.21,Learned exposition
17511_13,-21.24,1.03,15.48,-2.94,3.57,1.33,Learned exposition
17511_14,-15.5,-3.41,14.63,1.42,1.56,-3.07,Learned exposition
17511_17,-25.26,-5.05,9.55,-5.28,1.2,-2.67,Learned exposition
17511_20,-24.75,-3.11,11.42,-6.04,3.75,-2.81,Learned exposition
17511_23,-25.43,-7.38,8.43,-5.23,-0.05,-2.83,Learned exposition
1757_12,-24.24,-4.46,9.86,-6.88,0.75,-2.72,Learned exposition
1757_14,-20.72,-5.33,5.81,2.14,7.12,-2.28,Scientific exposition
1757_15,-33.78,-5.04,10.22,-7.01,-1.7,-3.12,Learned exposition
1757_16,-6.63,-1.02,6.41,1.56,-1.72,-0.97,General narrative exposition
1757_5,-26.03,-4.24,9.14,-5.2,-0.32,-2.5,Learned exposition
177_10,-16.73,-3.34,9.07,-1.45,-0.45,-0.74,Learned exposition
177_23,-18.22,-4.11,15.87,0.37,1,0.64,Learned exposition
177_25,-19.82,-6.54,13.84,-8.75,1.16,-1.95,Learned exposition
177_26,-19.82,-6.54,13.84,-8.75,1.16,-1.95,Learned exposition
177_27,-19.82,-6.54,13.84,-8.75,1.16,-1.95,Learned exposition
177_28,-25.84,-6.95,9.19,-8.49,-0.88,-1.95,Learned exposition
177_29,-23.54,-7.26,7.16,-8.63,0.0299999999999999,-0.0399999999999998,Learned exposition
177_30,-26.94,-6.16,15.42,-7.91,-3.05,-2.19,Learned exposition
177_31,-19.64,-2.14,15.9,-3.94,6.83,-2.65,Learned exposition
177_32,-24.85,-6.82,8.76,-6.2,5.61,-2.4,Learned exposition
177_33,-23.11,-5.97,11.99,-7.19,0.69,-1.54,Learned exposition
177_34,-23.11,-5.97,11.99,-7.19,0.69,-1.54,Learned exposition
177_35,-21.93,-3.53,8.64,-7.44,0.44,-2.2,Learned exposition
177_36,-22.57,-2.7,6.33,-8.77,-0.01,-2.14,Learned exposition
177_37,-17.62,-5.31,12.86,-9.27,-3.47,-2.04,Learned exposition
177_38,-17.66,-4.81,5.69,-7.76,3.37,-1.93,Learned exposition
177_39,-21.61,-2.55,8.59,-4.98,3.33,-0.54,Learned exposition
177_40,-17.25,-2.59,6.67,-9.27,-2.09,-3.5,Learned exposition
177_41,-19.26,-0.41,9.98,-6.56,3.12,-1.33,Learned exposition
177_42,-22.71,-6.95,11.55,-9.27,-2.94,-2.71,Learned exposition
177_43,-22.41,-5.08,9.38,-8.68,-2.79,-1.71,Learned exposition
177_44,-14.09,-0.9,7.8,-4.29,9.13,-3.5,Scientific exposition
177_45,-22.99,-0.67,5.65,-9.27,2.39,-0.19,Learned exposition
177_46,-22.99,-0.67,5.65,-9.27,2.39,-0.19,Learned exposition
177_47,-17.89,-6.21,-0.23,-9.27,1.08,-3.5,Learned exposition
177_48,-17.89,-6.21,-0.23,-9.27,1.08,-3.5,Learned exposition
177_49,-21.07,-3.84,5.36,-4.44,2.79,-0.0699999999999998,Learned exposition
177_50,-21.07,-3.84,5.36,-4.44,2.79,-0.0699999999999998,Learned exposition
177_51,-29.8,-6.6,14.87,-8.58,-2.49,-2.4,Learned exposition
1790_14,-22.61,-4.82,12.4,-7.62,-0.0099999999999999,-2.96,Learned exposition
1790_15,-22.11,-4.1,9.52,-0.85,-1,-2.88,Learned exposition
18004_10,-23.23,-3.81,7.69,-6.13,1.88,-2.33,Learned exposition
18004_11,-33.25,-6.2,5.84,-6.79,-2.46,-3.5,Learned exposition
18004_8,-20.09,-2.64,13.76,-2.83,0.69,-1.36,Learned exposition
18076_14,-19.84,-0.96,10.68,-3.35,7.04,-1.26,Learned exposition
18076_15,-23.05,-3.43,8.96,-6.47,1.42,-2.33,Learned exposition
18076_16,-27.85,-6.05,9.43,-9.27,0.62,-2.78,Learned exposition
18076_19,-25.04,-6.06,7.01,-8.04,5.94,-3.5,Learned exposition
18076_6,-14.72,-2.59,20.69,4.85,-2.36,1.29,Learned exposition
1837_10,-14.67,-7.27,11.78,-9.27,-3.92,-3.5,Learned exposition
1837_11,-18.09,-4.38,7.18,-7.97,3.8,-2.97,Learned exposition
1837_12,-16.24,-5.08,7.25,-7.08,-0.33,-2.9,Learned exposition
1837_13,-13.05,-6.94,5.07,-9.27,0.21,-3.5,Learned exposition
1837_14,-6.64,-6.65,4.87,-7.95,-2.8,-3.5,General narrative exposition
1837_16,-21.25,-5.69,2.48,-9.27,-3.92,-3.5,Learned exposition
1837_5,-11.63,-5.7,8.79,0.3,-0.39,-0.31,Learned exposition
1837_8,-12.93,-2.41,9.46,-9.27,0.99,-3.5,Learned exposition
1837_9,-8.06,-7.16,5.49,-8.07,2.44,-3.5,Scientific exposition
18613_15,-22.48,-5.37,9.47,-6.98,0.62,-2.21,Learned exposition
18613_16,-17.72,-6.48,6.55,-1.76,3.3,3.27,Learned exposition
18613_17,-17.19,0.48,3.33,-9.27,12.23,-3.5,Scientific exposition
18613_18,-32.25,-6.98,5.45,-7.84,-1.59,-3.5,Learned exposition
18613_19,-30.19,-3.94,8.93,-3.92,1.89,-3.5,Learned exposition
19330_17,-23.03,-4.73,11.16,-7.53,1,-2.62,Learned exposition
19330_19,-20.07,-6.08,9.99,0.41,2.13,-1.43,Learned exposition
19403_17,-25.45,-4.57,9.51,-7.9,-0.05,-2.67,Learned exposition
19403_19,-32.34,-5.28,9.64,-6.14,-0.92,-3.5,Learned exposition
19403_20,-32.85,-7.19,7.12,-7.65,-2.66,-3.5,Learned exposition
19403_21,-16.46,-6.66,9.4,2.88,0.55,0.43,Learned exposition
19403_23,-32.34,-4.6,8.75,-8.68,5.89,-2.31,Learned exposition
19403_24,-38.14,-6.93,12.01,-9.27,-3.92,-3.5,Learned exposition
1943_11,-16.75,-2.68,19.97,5.51,-2.38,2.45,Learned exposition
1943_13,-24.95,-3.45,13.36,-8.5,-2.53,-3.5,Learned exposition
1943_16,-21.19,-3.32,13.67,-6.36,4.95,-2.09,Learned exposition
1943_17,-24.73,-4.52,9.45,-7.5,0.32,-2.93,Learned exposition
1943_18,-17.88,-2.19,4.21,6.62,4.49,-1.09,Scientific exposition
1943_20,-17.45,-5.18,7.9,0.73,1.28,-1.07,Learned exposition
1943_21,-17.94,-5.92,7.86,9.61,0.83,-1.4,Learned exposition
1943_22,-33.14,-7.38,6.31,-9.27,-3.92,-3.5,Learned exposition
19767_12,-23.21,-4.56,10.67,-6.83,0.87,-2.47,Learned exposition
19767_13,-17.75,-1.07,21.39,3.53,1.99,2.91,Learned exposition
19767_17,-14.17,-4.42,10.84,5.06,-0.98,0.38,Learned exposition
19767_19,-29.67,-7.34,9.83,-8.35,-3.05,-3.24,Learned exposition
19767_8,-21.44,-4.37,9.87,-7.91,-1.28,-1.88,Learned exposition
1993_12,-22.02,0.629999999999999,5.67,-9.27,1.25,-3.5,Learned exposition
1993_16,-24,-3.27,8.52,-6.59,1.91,-3.09,Learned exposition
1993_17,-18.42,-6.37,10.25,-8.47,0.29,-1.33,Learned exposition
20156_20,-21.02,-2.96,12.73,-4.83,6.32,-0.5,Learned exposition
20156_21,-22.11,-5.08,7.57,-6.42,0.76,-2.54,Learned exposition
20156_22,-25.41,-4.78,6.04,-6.88,0.82,-3.04,Learned exposition
20156_23,-21.03,-5.02,9.29,-1.21,9.89,-2.09,Scientific exposition
20156_24,-15.61,-3.43,9.27,-8.88,4.34,-2.45,Learned exposition
20156_26,-18.28,-6.94,8.57,-9.27,0.34,-3.5,Learned exposition
20156_27,-28.42,-6.44,7.23,-8.75,-1.67,-3.16,Learned exposition
20201_16,-29.83,-5.81,16.34,-8.07,-2.05,-3.5,Learned exposition
20201_17,-22.18,-4.37,16.07,-5.66,6,-2.24,Learned exposition
20201_18,-24.15,-5.25,10.55,-6,1.02,-2.55,Learned exposition
20201_19,-19.85,-2.16,6.96,-4.97,3.62,-0.79,Learned exposition
20201_20,-23.23,-1.2,4.25,-7.34,-1.17,-2,Learned exposition
20201_22,-13.5,-4.8,5.62,2.06,-0.76,0.96,Learned exposition
20201_23,-17.1,-5.09,10.89,-4.55,-1.78,-0.26,Learned exposition
20201_24,-18.28,-3.79,9.67,-1.92,0.05,-1.55,Learned exposition
20370_14,-19.13,-3.72,8.84,-9.27,-1.41,-0.95,Learned exposition
20370_17,-20.78,-2.48,7.5,-6.32,3.47,-2.83,Learned exposition
20370_18,-21.38,-6.15,4.3,-0.35,0.76,1.27,Learned exposition
2052_14,-23.89,-5.39,16.13,-6.48,4.1,-1.95,Learned exposition
2052_15,-20.31,-4.71,11.14,-6.85,0.56,-2.26,Learned exposition
2052_16,-19.93,-6.33,15.36,-8.2,-0.6,-3.21,Learned exposition
2052_17,-20.48,-2.79,18.14,-9.27,-0.83,-3.5,Learned exposition
2052_19,-24.32,-5.52,6.95,0.42,-0.32,-2.33,Learned exposition
2052_20,-19.17,-3.23,11.56,0.97,3.27,-2.07,Learned exposition
2052_22,-27.57,-5.84,10.25,-6.97,-0.73,-2.07,Learned exposition
20709_14,-20.14,-3.04,14.6,-1.92,-2.03,-1.83,Learned exposition
20709_16,-27.37,-0.24,18.91,-8.37,-3.35,-3.5,Learned exposition
20709_21,-21.14,-5.1,9.7,-6.79,1.78,-2.88,Learned exposition
20709_22,-25.17,-6.11,4.98,-8.89,-2.59,-3.5,Learned exposition
20709_25,-27.98,-5.62,4.06,-6.02,-0.94,-3.5,Learned exposition
20709_4,-16.42,-2.29,7.25,-1.68,-0.28,-0.53,Learned exposition
20720_15,-20.66,-2.18,13.36,-5.69,2.37,-2.69,Learned exposition
20720_20,-25.49,-5.55,7.78,-7.46,0.51,-2.19,Learned exposition
20720_22,-14.79,-6.71,8.44,4.94,2.28,-3,Learned exposition
20720_23,-14.79,-6.71,8.44,4.94,2.28,-3,Learned exposition
20720_24,-14.79,-6.71,8.44,4.94,2.28,-3,Learned exposition
20720_25,-16.19,-0.680000000000001,4.3,-3.42,7.02,-1.81,Scientific exposition
20720_26,-16.19,-0.680000000000001,4.3,-3.42,7.02,-1.81,Scientific exposition
20720_27,-13.17,-2.25,9.7,-3.42,2.72,-2.46,Learned exposition
20720_2,-24.13,-6.37,3.76,-7.98,-3.92,-2.54,Learned exposition
2072_20,-20.35,-1.8,9.08,-1.46,1.68,-1.31,Learned exposition
2072_22,-24.49,-4.87,8.82,-5.46,1.16,-2.3,Learned exposition
2072_23,-26.91,-5.14,3.12,-4.76,-0.07,-2.45,Learned exposition
21184_5,-23.07,-4.64,11.01,-7,3.07,-1.9,Learned exposition
21184_6,-26.66,-6.73,8.39,-8.84,-1.25,-2.62,Learned exposition
21184_7,-28.84,-5.63,11.97,-8.79,1.1,-2.24,Learned exposition
21184_8,-23.45,-7.23,7.33,-7.85,0.29,-2.45,Learned exposition
21184_9,-23.76,-4.27,8.15,-6.02,0.76,-2.31,Learned exposition
21280_17,-17.34,-0.84,10.46,3.79,0.0099999999999999,1.32,Learned exposition
21280_24,-25.06,-5.23,8.85,-6.62,-0.2,-2.81,Learned exposition
21280_25,-13.99,-4.7,6.92,1.85,-1.89,2.57,Learned exposition
21280_26,-24.01,-7.1,12.4,-0.0299999999999998,0.77,-2.31,Learned exposition
21280_27,-21.32,-5.39,7.23,-1.23,1.2,-2.33,Learned exposition
21768_11,-15.13,-3.61,17.15,1.63,-2.33,0.12,Learned exposition
21768_13,-25.56,-4.63,10.74,-9.27,-2.79,-2.66,Learned exposition
21768_17,-21.41,-5.41,8.8,-7.37,0.15,-2.7,Learned exposition
21768_18,-18.12,-4.36,4.25,-0.96,3.26,-1.14,Learned exposition
21913_15,-23.48,-4.85,10.05,-7.29,0.47,-2.96,Learned exposition
21913_18,-20.7,-6.38,4,-6.85,4.76,-3.5,Learned exposition
21913_19,-19.51,-5.74,11.17,2.73,-0.99,-1.14,Learned exposition
21913_5,-27.14,-0.77,6.18,-9.27,-3.92,-3.5,Learned exposition
22188_10,-16.39,-3.38,12.86,-9.27,-2.08,-3.5,Learned exposition
22188_14,-23.03,-4.9,11.35,-6.71,1.7,-2.57,Learned exposition
22188_17,-26.02,-5.99,20.72,-6.91,0.53,-3.5,Learned exposition
22188_18,-15.07,-5.57,6.96,6.73,4.92,0.61,Scientific exposition
22188_19,-16.38,-2.18,9.8,5.66,7.21,-0.26,Scientific exposition
22188_20,-19.68,-4.32,8.72,9.06,7.46,0.83,Scientific exposition
22188_21,-32.18,-7.38,15.39,-9.27,-3.92,-3.5,Learned exposition
22417_12,-14.46,-1.85,12.71,4.71,1.67,6.12,Learned exposition
22417_17,-23.32,-5.1,6.49,-5.38,0.7,-2.66,Learned exposition
22417_18,-26.63,-6.01,6.89,-6.71,-0.69,-3.5,Learned exposition
22417_19,-26.63,-6.01,6.89,-6.71,-0.69,-3.5,Learned exposition
22417_20,-17.43,-5.88,9.74,2.29,-0.8,0.52,Learned exposition
22417_21,-20.95,-4.96,6.69,0.95,3.15,-1.12,Learned exposition
22417_22,-18.28,-2.87,6.27,-3.85,3.74,-2.57,Learned exposition
22417_23,-22.07,-4.42,10.97,-4.95,2.74,-2.03,Learned exposition
22417_4,-26.92,-6.28,4.49,-9.27,-3.16,-3.5,Learned exposition
2262_20,-28.05,-6.69,16.54,-9.27,-2.05,-3.5,Learned exposition
2262_21,-25.99,-4.71,13.3,-8.42,-0.95,-2.66,Learned exposition
2262_22,-21.26,-3.98,12.29,-5.52,4.12,-1.93,Learned exposition
2262_23,-22.56,-4.57,9.61,-6.35,0.12,-2.31,Learned exposition
2262_24,-25.26,-7.18,3.62,-9.27,-1.85,-3.5,Learned exposition
2262_25,-25.57,-3.96,3.05,-7.7,7.28,-3.5,Learned exposition
2262_26,-20.05,-2.49,8.83,-9.27,0.32,-2.54,Learned exposition
2262_28,-23.44,-5.74,14.08,-3.33,-0.7,-2.54,Learned exposition
2262_30,-22.71,-3.36,7.64,-4.14,1.25,-1.64,Learned exposition
2262_6,-19.93,-6.28,13.81,-7.75,2.7,-3.5,Learned exposition
2276_13,-21.02,-4.19,9.75,-4.34,5.37,-2,Learned exposition
2276_14,-23.76,-5.07,7.44,-6.99,-0.26,-2.7,Learned exposition
2276_16,-38.91,-6.64,21.21,-8.55,-3.26,-2.88,Learned exposition
2276_17,-17.28,-5.21,6.65,5.38,3.04,-0.11,Learned exposition
2276_18,-14.31,-5.31,4.67,5,-1.15,-2.07,Learned exposition
23138_14,-22.54,-2.94,14.3,2.4,-2.85,-0.21,Learned exposition
23138_16,-26.27,-6.42,11.7,-7.93,0.67,-2.66,Learned exposition
23138_18,-19.17,-5.86,9.81,2.15,1.16,-1.12,Learned exposition
23138_19,-20.84,-3.33,12.46,-6.65,-2.7,-3.5,Learned exposition
23138_20,-21.6,-3.81,7.77,-3.56,0.28,-2.69,Learned exposition
2320_7,-20.19,-3.95,9.52,-3.76,0.61,-2.05,Learned exposition
23300_12,-17.2,-1.76,17.92,5.76,-2.45,3.85,Learned exposition
23300_15,-25.09,-5.46,9.5,-6.35,0.99,-2.54,Learned exposition
23300_17,-17.85,-5.78,10.54,2.45,0.54,-0.9,Learned exposition
23300_18,-19.57,-3.06,9.05,5.13,-1.12,-2.02,Learned exposition
23300_19,-12.15,-2.69,12.96,0.29,-1.41,-2.45,Learned exposition
23342_12,-19.39,-1.72,18.16,7.83,-2.44,1.05,Learned exposition
23342_14,-26.47,-6.1,11.02,-7.22,-0.56,-3.14,Learned exposition
23342_15,-15.56,-2.93,12.78,-0.82,-1.24,-1.4,Learned exposition
23342_16,-18.95,-5.19,8.95,-0.71,0.28,-1.54,Learned exposition
23342_7,-19.11,-5.03,6.88,-9.27,2.39,-3.5,Learned exposition
23373_10,-25.19,-6.32,18.42,-9.27,-0.97,-2.62,Learned exposition
23373_12,-22.65,-7.24,6.36,-9.27,2.69,-1.52,Learned exposition
23373_14,-21.55,-5.67,10.21,-7.06,1.12,-2.64,Learned exposition
23373_16,-25.42,-6.09,9.62,-5.81,-3.65,-1.81,Learned exposition
23422_11,-19.89,-5.56,7.43,3.62,3.38,-0.55,Learned exposition
23422_14,-17.71,-2.09,13.69,3,-2.2,6.24,Learned exposition
23422_22,-22.09,-3.96,8.68,-5.58,6.93,-1.76,Learned exposition
23422_23,-24.15,-4.59,7.95,-4.59,1.67,-2.24,Learned exposition
2350_11,-22.65,2.23,19.84,-7.33,-3.92,-3.5,Learned exposition
2350_16,-23.14,-3.85,9.59,-6.75,2.2,-2.36,Learned exposition
2350_17,-6.67,1.77,13.36,-9.27,3.29,-3.5,Scientific exposition
2350_18,-15.26,-5.72,8.11,2.71,1.88,-1.45,Learned exposition
2350_19,-21.52,-4.24,7.99,4.36,1.93,-0.67,Learned exposition
2350_9,-15.27,-2.39,20.72,6.45,-2.29,2.8,Learned exposition
2380_13,-25.9,-5.76,11.21,-6.17,0.91,-2.37,Learned exposition
2380_17,-24.13,-3.97,2.36,-5.51,-0.45,2.21,Learned exposition
2380_18,-23.7,-4.09,10.52,-3.35,0.22,-1.76,Learned exposition
2380_4,-13.49,-1.77,10.9,1.11,1.31,3.81,Learned exposition
23855_13,-16.2,10.38,9.31,-9.27,0.17,-3.5,Learned exposition
23855_16,-22.97,-4.19,7.22,-5.91,2.8,-2.86,Learned exposition
23855_17,-18.35,-5.48,8.96,-1.64,1.78,-1.26,Learned exposition
23855_18,-15.16,-5.4,9.14,5.28,3.45,0.02,Scientific exposition
2391_10,-20.31,-3.69,4.73,-5.03,2.47,-1.28,Learned exposition
2391_11,-20.89,-4.36,3.86,2.6,3.09,-3.16,Learned exposition
2391_12,-20.53,-4.98,15.84,-9.27,-1.5,0.31,Learned exposition
2391_13,-21.04,-4.39,11.04,-5.08,2.5,-1.64,Learned exposition
2391_14,-23.55,-4.76,7.83,-6.54,-0.3,-2.73,Learned exposition
2391_15,-23.7,-4.88,8.9,-6.28,0.69,-2.59,Learned exposition
2391_16,-21.98,-6.38,9.66,-5.25,0.38,-2.43,Learned exposition
2391_1,-26.15,-5.81,6.09,-6.69,-1.3,-3.21,Learned exposition
2391_9,-20.31,-3.69,4.73,-5.03,2.47,-1.28,Learned exposition
23980_16,-12.51,-1.96,13.35,3.52,0.81,4.17,Learned exposition
23980_17,-18.27,-5.98,7.14,7.92,1.57,-0.85,Learned exposition
23980_19,-13.62,10.91,15.78,-9.27,0.29,9.74,Learned exposition
23980_22,-23.32,-4.68,6.97,-7.47,1.38,-2.48,Learned exposition
23980_23,-25.68,-4.7,8.84,-5.54,-0.59,-2.19,Learned exposition
23980_24,-20.11,-4.22,10.45,-5.94,-2.58,-2.22,Learned exposition
23984_13,-18.15,-6.41,7.29,8.25,1.45,-0.93,Learned exposition
23984_15,-24.37,-4.48,8.48,-9.27,-3.29,-1.5,Learned exposition
23984_18,-22.84,-4.35,9.12,-7.4,2.38,-2.78,Learned exposition
23984_19,-24.85,-4.69,5.95,-6.42,-0.64,-3.5,Learned exposition
23984_20,-20.05,-4.22,10.51,-5.94,-2.58,-2.22,Learned exposition
23984_6,-21.67,-5.68,2.81,-9.27,-3.92,-3.5,Learned exposition
23989_14,-15.69,-5.62,6.1,8.52,3.69,-0.83,Scientific exposition
23989_16,-13.32,12.56,14.94,-9.27,0.67,3.72,Learned exposition
23989_19,-23.5,-3.95,8.83,-7.65,2.67,-2.77,Learned exposition
23989_20,-23.08,-4.17,8.38,-6.73,1.84,-3.5,Learned exposition
23989_21,-19.99,-4.22,10.52,-5.94,-2.58,-2.22,Learned exposition
23989_6,-11.5,-2.38,10.12,-9.27,2.8,-3.5,Learned exposition
24003_15,-23.93,-5.11,8.3,-7.39,1.19,-2.64,Learned exposition
24003_16,-24.93,-5.92,4.11,-9.27,0.63,-0.64,Learned exposition
24003_17,-18.44,-5.73,9.83,5.77,2.26,-1.22,Learned exposition
24003_18,-23.2,-5.1,10.36,-5.89,0.52,-1.93,Learned exposition
24011_15,-23.39,-4.33,9.7,-7.87,0.62,-2.38,Learned exposition
24011_16,-25.42,-5.71,8.85,-9.27,2.72,-0.29,Learned exposition
24011_17,-23.07,-5.38,12.21,-5.12,-0.76,-1.07,Learned exposition
24011_18,-15.15,-3.52,8.88,-1.45,2.4,-0.5,Learned exposition
24617_11,-21.12,-6.16,11.84,-7.65,0.45,-1.81,Learned exposition
24617_20,-22.4,-4.99,12.14,-5.06,5.71,-1.69,Learned exposition
24617_21,-27.31,-5.63,10.54,-8.61,-1.69,-1.86,Learned exposition
24617_25,-26.04,-4.89,8.76,-7.12,-0.45,-2.74,Learned exposition
2489_11,-15.99,-5.5,7.93,-9.27,4.23,-3.5,Learned exposition
2489_12,-23.64,-4.21,8.35,-6.43,0.56,-2.02,Learned exposition
2489_15,-28.68,-6.7,5.94,-8.51,-0.32,-3.24,Learned exposition
2489_17,-21.56,-5.02,11.16,-9.27,-2.03,-1.59,Learned exposition
2489_19,-22.51,-3.48,7.89,-4.78,0.89,-2.1,Learned exposition
2489_4,-18,-3.09,15.51,5.34,-1.99,3.21,Learned exposition
2489_6,-25.52,-4.42,12.48,-7.57,5.34,-2.78,Learned exposition
2489_7,-24.82,-3.94,6.82,-9.27,-2.95,-3.5,Learned exposition
24928_12,-15.37,-4.8,13.54,-7,4.37,-3.5,Learned exposition
24928_13,-22.03,-4.24,10.05,-4.14,2.92,-1.91,Learned exposition
24928_14,-17.42,-3.37,6.77,-0.17,3.56,-2.64,Learned exposition
24928_15,-22.21,-3.45,9.37,-4.04,-0.68,-1.59,Learned exposition
24928_16,-28.39,-5.94,2.99,-8.35,-2.11,-2.38,Learned exposition
24928_18,-30.03,-4.94,7.7,-5.91,-0.04,-2.37,Learned exposition
25002_11,-24.35,-5.28,8.82,-2.84,-0.58,-2.35,Learned exposition
25002_12,-16.09,-5.17,10.84,2.35,0.45,1.05,Learned exposition
25002_13,-32.77,-7.33,3.2,-9.27,-3.92,-3.5,Learned exposition
25002_14,-26.26,-4.32,5.73,-4.1,3.77,-1.76,Learned exposition
2522_3,-25.34,-3.1,6.89,-4.66,1.02,-1.29,Learned exposition
2522_5,-15.99,-3.96,9.17,-5.75,2.03,-1.79,Learned exposition
25283_11,-19.35,-3.11,20.12,-7.17,-1.82,-1.95,Learned exposition
25283_14,-21.15,-4.91,10.93,-6.82,1.38,-1.88,Learned exposition
25283_15,-14.44,-5.8,8.25,4.17,1.24,-0.0699999999999998,Learned exposition
25283_16,-26.87,-4.67,5.43,-7.2,-3.92,-3.5,Learned exposition
25283_9,-15.19,-4.77,14.71,5.3,-1.62,4.15,Learned exposition
25454_23,-22.5,-4.92,9.63,-5.47,0.37,-2.62,Learned exposition
25622_15,-25.76,-5.19,9.64,-6.87,0.14,-2.4,Learned exposition
25622_18,-29.42,-7.38,6.37,-9.27,-1.74,-2.19,Learned exposition
25622_7,-23.63,-4.29,8.79,-6.66,0.17,-1.35,Learned exposition
2563_10,-22.28,-1.96,14,-7.09,2.1,-1.57,Learned exposition
2563_11,-18.25,0.42,18.38,-1.5,2.35,-1.26,Learned exposition
2563_12,-21.61,-5.22,16.39,-6.12,-0.34,-1.66,Learned exposition
2563_13,-15.82,-2.07,15.67,-3.7,2.37,-1.33,Learned exposition
2563_14,-11.53,-3.8,11.43,-4.22,2.98,-2.15,Scientific exposition
2563_16,-16.58,-5.06,5.48,-8.47,-1.96,-2.5,Learned exposition
2563_17,-20.57,-6.46,5.17,-8.88,-2.77,-2.74,Learned exposition
2563_18,-23.32,-4.34,4.95,-9.27,-0.29,-2.64,Learned exposition
2563_36,-22.07,-2.38,13.82,-8.12,0.83,-1.69,Learned exposition
2563_37,-22.07,-2.38,13.82,-8.12,0.83,-1.69,Learned exposition
2563_38,-23.93,-6.22,9.41,-8.53,-2.78,-2.89,Learned exposition
2563_40,-23.37,-0.18,12.12,-9.27,-0.32,-3.5,Learned exposition
2563_43,-21.37,-5.85,8.93,-6.95,0.26,-3.12,Learned exposition
2563_44,-18.69,-3.12,7.95,-7.68,0.21,-2.43,Learned exposition
2563_45,-19.92,-5.65,5.92,-8.69,-2.17,-2.5,Learned exposition
2563_46,-21.45,-4.45,6.87,-8.25,-1.09,-2.14,Learned exposition
2563_47,-24.74,-5.75,5.85,-8.17,-1.29,-2.62,Learned exposition
2563_48,-20.56,-6.99,5.07,-9.27,-3.92,-2.78,Learned exposition
2563_49,-22.46,-6.51,5.22,-8.48,-2.38,-3.1,Learned exposition
2563_50,-23.17,-6.83,4.84,-7.5,-2.35,-2.88,Learned exposition
2563_51,-22.01,-5.18,9.95,-4.4,1.1,0.03,Learned exposition
2563_52,-25.94,-4.93,10.94,-7.9,4.81,-1.83,Learned exposition
2563_53,-24.21,-4.56,12.32,-6.45,3.3,-1.4,Learned exposition
2563_8,-20.67,-3.15,13.64,-0.68,4.37,0.43,Learned exposition
25737_15,-17.43,-5.66,6.65,8.51,2.85,-0.85,Learned exposition
25737_17,-13.62,10.91,15.78,-9.27,0.29,9.74,Learned exposition
25737_20,-23.58,-4.28,7.28,-7.88,2.75,-2.46,Learned exposition
25737_21,-26.41,-5,8.05,-5.68,3.09,-3,Learned exposition
25737_22,-21.31,-4.6,9.95,-7.81,-2.35,-3.02,Learned exposition
25846_14,-14.68,-1.98,11.8,3.49,0.8,4.69,Learned exposition
25846_15,-18.64,-5.1,8.65,9.81,2.85,-0.66,Learned exposition
25846_17,-23.36,-4.82,6.21,-9.27,-2.16,-1.71,Learned exposition
25846_20,-22.2,-3.54,8.4,-7.4,2.9,-2.22,Learned exposition
25846_21,-22.54,-4.87,9.93,-5.89,2.62,-3.5,Learned exposition
25846_22,-22,-4.47,10.68,-5.61,-2.3,-2.31,Learned exposition
25846_6,-11.21,-3.03,12.69,-7.66,10.07,-3.5,Scientific exposition
2594_10,-24.43,-5.5,10.3,-7.44,0.59,-2.97,Learned exposition
2594_13,-21.91,-6.1,11.01,-6.26,2.76,-2.43,Learned exposition
2594_14,-21.23,-4.42,10.15,-4.81,0.21,-2.24,Learned exposition
2594_8,-22.7,-7.38,15.07,-9.27,-3.08,-2.16,Learned exposition
2594_9,-23.21,-4.36,13.42,-6.71,3.25,-2.67,Learned exposition
26223_13,-26.43,-6.25,10.11,-8.66,-2.31,-3.5,Learned exposition
26223_18,-23.27,-3.69,11.71,-6.4,1.92,-2.36,Learned exposition
26223_19,-24.76,-5.73,11.64,-6.32,2.49,-2.5,Learned exposition
26223_22,-18.73,-6.26,7.69,-1.41,-0.94,-2.43,Learned exposition
26473_14,-18.07,-3.76,21.84,-1.04,-1.19,3.03,Learned exposition
26473_19,-22.88,-2.84,10.98,-6.57,0.84,-2.9,Learned exposition
26611_9,-21.28,-4.99,10.43,-6.51,1.38,-2.4,Learned exposition
2682_2,-17.1,-2.84,20.19,4.12,-2.44,2.22,Learned exposition
2682_4,-22.22,-4.04,10.38,-4.43,1.61,-1.88,Learned exposition
2682_5,-23.94,-4.13,10.15,-4.48,-0.5,-2.24,Learned exposition
26915_19,-18.33,-3.96,5.7,-3.6,-1.85,-1.86,Learned exposition
26915_20,-28.65,-6.79,4.78,-8.31,-1.93,-3.5,Learned exposition
26915_22,-20.27,-4.52,10.66,-1.6,0.98,-1.45,Learned exposition
26930_12,-22.74,-4.55,11.28,-9.27,-3.3,-1.54,Learned exposition
26930_15,-23.46,-4.06,10.58,-7.17,1.03,-2.45,Learned exposition
26930_19,-19.21,-5.19,8.02,0.19,-0.92,-1.6,Learned exposition
26930_20,-17.11,-5.61,9.22,7.93,1.1,-2.02,Learned exposition
26930_21,-10.51,-5.74,9.42,-0.76,9.27,-3.5,Scientific exposition
27085_12,-21.47,-4.77,3.52,-9.27,12.83,-3.5,Scientific exposition
27085_14,-16.2,-0.91,19.71,2.3,2.49,1.42,Learned exposition
27085_17,-20.7,-7.06,12.42,-9.27,-3.92,-0.0199999999999998,Learned exposition
27085_18,-21.02,-6.54,9.6,-9.27,-3.92,-2.12,Learned exposition
27085_20,-22.17,-3.87,7.01,-6.36,2.48,-2.71,Learned exposition
27085_21,-15.87,-5.29,9.15,6.5,-0.0400000000000001,-2.43,Learned exposition
27085_22,-18.61,-5.49,5.99,-2.59,0.87,-2.52,Learned exposition
27085_3,-12.2,-3.81,2.91,-9.27,-3.92,-3.5,General narrative exposition
27154_18,-20.57,-3.75,9.81,-9.27,-3.2,-2.35,Learned exposition
27154_21,-22.97,-3.38,9.29,-5.64,2.67,-3,Learned exposition
27154_22,-18.1,-5.53,4.85,5.12,2.26,-1.64,Learned exposition
27154_23,-23.76,-2.47,4.1,-7.57,0.08,-3.5,Learned exposition
27154_24,-23.94,-1.79,15.98,-7.66,2.31,-2.43,Learned exposition
27169_20,-16.57,12.56,12.34,-9.27,0.67,3.72,Learned exposition
27169_23,-22.49,-4.38,7.38,-5.95,1.27,-2.7,Learned exposition
27169_24,-22.01,-5.5,9.28,-6.77,5.76,-1.83,Learned exposition
27169_25,-24.34,-2.01,2.87,-6.03,-2.67,-3.5,Learned exposition
27169_27,-24.49,-4.86,7.27,-4.05,3.87,-2.26,Learned exposition
27169_4,-18.85,-6.93,2.72,-8.04,0.54,-3.5,Learned exposition
27169_5,-8.62,0.719999999999999,10.28,-5.81,5.08,-3.5,Scientific exposition
2739_11,-21.36,-7.21,6.67,1.31,-3.15,5.05,Learned exposition
2739_12,-24.28,-6.25,8.67,-8.65,4.83,-2.66,Learned exposition
2739_13,-26.02,-4.21,9.59,-6.53,1.34,-2.64,Learned exposition
2739_16,-17.39,-6.66,8.89,2.11,2.58,1.08,Learned exposition
2739_18,-20.42,-6.54,5.42,4.18,-1.68,-2.14,Learned exposition
27490_10,-24.94,-7.38,14.68,-9.27,-3.92,-2.57,Learned exposition
27490_11,-24.32,-7.38,13.3,-9.27,-3.92,-2.54,Learned exposition
27490_13,-22.28,-4.3,10.19,-5.12,3.07,-2.48,Learned exposition
27490_14,-23.3,-3.44,9.97,-5.61,3.6,-3.5,Learned exposition
27490_9,-26.62,-4.05,10.97,-9.27,-1.46,-2.59,Learned exposition
27665_15,-18.8,-2.1,24.6,2.37,-2.2,1.19,Learned exposition
27665_16,-25.9,-6.59,11.46,-6.59,-0.6,-3.19,Learned exposition
27665_19,-23.81,-5.17,10.41,-6.97,0.94,-2.69,Learned exposition
27665_22,-25.66,-3.87,7.32,-6.81,1.31,-2.78,Learned exposition
27665_24,-18.49,-4.2,8.83,2.82,2.14,-0.38,Learned exposition
27665_25,-23.56,-4.43,5.93,-1.45,0.53,-2.4,Learned exposition
27909_10,-23.68,-4.63,4.44,-3.72,1,0,Learned exposition
27909_11,-22.22,-3.91,7.33,-4.62,4.3,0.65,Learned exposition
27909_12,-15.03,-7.12,6.25,-4.01,5.75,3.85,Scientific exposition
27909_13,-18.15,-4.83,8.1,-2.91,0.56,-2.59,Learned exposition
27909_14,-15.62,-5.63,11.24,-7.95,0.19,-2.57,Learned exposition
27909_15,-20.83,-5.24,8.66,-2.22,0.15,-1.97,Learned exposition
28026_4,-20.47,-2.94,17.6,1.54,1.24,2.28,Learned exposition
28026_6,-14.69,-0.41,10.08,-9.27,-2.32,1.57,Learned exposition
28026_9,-21.54,-3.58,11.26,-2.98,1.72,-2.16,Learned exposition
28399_11,-18.81,-4.02,6.77,-3.73,1.18,-1.7,Learned exposition
28399_9,-23.08,-5.18,10.02,-6.55,0.61,-2.69,Learned exposition
28415_12,-25.39,-5.86,9.56,-8.63,0.11,-1.36,Learned exposition
28415_17,-23.09,-4.24,10.35,-5.4,3.08,-1.98,Learned exposition
28415_22,-24.63,-6.51,12.74,-9.27,-2.5,-0.29,Learned exposition
28415_23,-26.56,0.53,10.8,-9.27,2.24,-2.45,Learned exposition
28415_24,-24.15,-4.84,10.58,-6.13,1.71,-2.09,Learned exposition
28415_26,-24.28,-3.89,10.58,-5.07,-0.35,-1.86,Learned exposition
28415_27,-24.42,-5.52,14.59,-5.69,0.75,-2.52,Learned exposition
2860_10,-19.26,-2.25,6.59,-1.33,0.24,-2.29,Learned exposition
2860_23,-20.8,-5.03,8.21,-6.16,1.37,-2.41,Learned exposition
2860_27,-29.82,-5.77,9.61,-6.7,-1.73,-3.5,Learned exposition
28787_13,-20.64,-4.34,11.31,-4.79,8.95,-0.72,Scientific exposition
28787_14,-25.17,-4.41,9.41,-7.86,1.03,-2.54,Learned exposition
28787_15,-14.02,0.19,8.41,-8.09,4.19,-3.5,Learned exposition
28787_17,-16.17,-6,8.64,2.65,-0.5,-0.24,Learned exposition
28787_18,-30.47,-7.38,12,-9.27,-3.92,-3.5,Learned exposition
28787_9,-25.7,-5.43,15.72,-9.27,-3.11,-1.59,Learned exposition
28830_16,-22.15,-4.19,11.72,-5.95,4.33,-1.4,Learned exposition
28830_17,-20.94,-4.24,9.34,-2.45,3.31,-0.83,Learned exposition
28830_18,-18.67,-5.21,4.65,-9.27,2.12,-2.33,Learned exposition
28830_19,-30.58,-7.38,12.8,-8.36,-1.59,-3.07,Learned exposition
28830_21,-26.13,-6.8,11.88,-9.27,-1.13,-2.66,Learned exposition
28830_22,-23.66,-4.83,8.95,-6.67,0.45,-2.43,Learned exposition
28830_23,-23.94,-3.3,11,-7.52,1.8,-2.91,Learned exposition
28830_24,-29.98,-6.91,3.9,-8.9,-2.99,-3,Learned exposition
28830_25,-18.39,-3.94,1.56,-7.36,1.97,-2.5,Learned exposition
28830_27,-20.75,-4.75,10.81,2.17,2,-2.02,Learned exposition
28830_28,-12.77,-4.86,5.81,6.66,0.21,-1.85,General narrative exposition
28854_10,-22.46,-4.57,9.55,-2.56,0.48,-1.92,Learned exposition
28854_11,-17.77,-5.16,8.07,-0.53,1.57,-1.31,Learned exposition
28854_9,-21.61,-4.87,9.57,-5.84,0.81,-2.74,Learned exposition
2886_7,-21.28,-4.67,8.91,-4.3,1.51,-1.95,Learned exposition
29081_12,-23.95,-4.78,11.84,-9.27,-3.38,-1.81,Learned exposition
29081_13,-23.21,-4.42,10.41,-9.27,-3.3,-1.57,Learned exposition
29081_16,-24.01,-4.95,8.03,-6.6,1.13,-2.09,Learned exposition
29081_20,-24.29,-5.35,12.53,-4.26,-0.17,-2.74,Learned exposition
29081_22,-18.5,-6,9.53,3.85,2.25,-0.19,Learned exposition
29081_8,-16.31,-0.82,17.63,-4.26,1.35,2.74,Learned exposition
29083_6,-18.96,-4.46,8.7,4.31,2.83,0.09,Learned exposition
29133_12,-24.4,-7.38,8.14,-7.04,12.21,-3.5,Scientific exposition
29133_15,-20.69,-3.52,16.19,0.419999999999999,-2.91,0.41,Learned exposition
29133_17,-20.84,-7.07,12.12,-9.27,-3.92,-0.12,Learned exposition
29133_18,-18.8,-6.69,8.75,-9.27,-3.92,-2.02,Learned exposition
29133_20,-22.7,-3.58,7.51,-5.89,1.69,-2.64,Learned exposition
29133_21,-17.21,-5.98,8.41,5.35,-1.69,-2.64,Learned exposition
29133_22,-18.73,-5.61,5.78,-2.39,1.24,-2.71,Learned exposition
29133_3,-17.07,-4.88,5.86,-9.27,-3.92,-3.5,Learned exposition
29168_14,-20.47,-3.15,12,-5.87,3.25,-3.5,Learned exposition
29168_18,-23.93,-4.7,8.31,-7.59,0.76,-2.4,Learned exposition
29168_20,-15.29,-3.29,6.58,2.97,3.8,-2.21,Scientific exposition
29168_21,-12.62,-3.17,11.36,-3.33,2.69,-2.43,Learned exposition
29168_2,-24.67,-6.13,3.81,-7.91,-2.65,-2.5,Learned exposition
29347_11,-10.62,-4.87,15.06,5.76,-2.42,3.45,Learned exposition
29347_13,-22.41,-4.46,14.25,-7.19,2.51,-1.02,Learned exposition
29347_14,-29.76,-6.09,15.29,-8.75,-2.98,-2.81,Learned exposition
29347_16,-26.76,-7.38,18.05,-9.27,-3.92,-2.59,Learned exposition
29347_17,-23.22,-7.38,10.41,-7.33,-0.0500000000000002,-2.07,Learned exposition
29347_19,-25.06,-5.14,11.54,-6.45,2.36,-2.83,Learned exposition
29347_20,-31.85,-7.11,16.77,-9.27,-3.53,-3.5,Learned exposition
2936_11,-16.22,-2.54,23.9,5.93,-2.33,2.62,Learned exposition
2936_18,-22.95,-4.59,9.23,-6.84,1.76,-2.63,Learned exposition
2936_20,-31.58,-7.38,13.68,-8.23,-1.85,-2.88,Learned exposition
2936_22,-16.43,-5.21,8.83,1.12,1.5,-1.45,Learned exposition
29473_12,-23.13,-3.51,8.22,-5.98,2.77,-2.2,Learned exposition
29473_13,-24.62,-3.65,9.87,-5.5,1.82,-2.16,Learned exposition
29473_14,-25.09,-4.34,11.57,-7.42,-1.96,-3.24,Learned exposition
29473_15,-19.65,-5.49,3.17,1.9,0.08,-2.62,Learned exposition
29473_16,-18.05,-3.08,7.26,-4.75,9.31,-1.54,Scientific exposition
29473_17,-26.04,-7.38,11.55,-9.27,-3.92,-3.5,Learned exposition
29473_7,-27.93,-2.53,16.94,-7.88,-0.51,-2.45,Learned exposition
29473_9,-28.51,-7.2,12.88,-7.43,-2.65,-2.21,Learned exposition
29515_13,-14.38,-4.24,19.23,6.21,-1.38,3.3,Learned exposition
29515_17,-21.78,12.29,20.69,-7.01,7.59,-3.5,Learned exposition
29515_18,-26.72,-6.31,16,-9.27,2.16,-3.5,Learned exposition
29515_20,-20.86,-3.46,15.22,-6.1,4.09,-2.66,Learned exposition
29515_21,-24.51,-5.03,10.6,-6.15,0.53,-2.57,Learned exposition
29515_22,-32.11,-6.91,9.35,-8.36,-3.1,-3.26,Learned exposition
29515_23,-16.86,-4.96,7.98,1.63,-1.05,-2.26,Learned exposition
2971_13,-23,-5.64,10.1,-7.37,1.82,-2.83,Learned exposition
2971_15,-14.51,-5.5,9.17,5.9,0.6,-0.38,Learned exposition
2971_9,-19.36,-4.49,11.1,-8.77,-3.08,-3.5,Learned exposition
29844_15,-18.33,-1.06,13.09,-2.71,1.89,0.22,Learned exposition
29844_20,-24.66,-5.18,13.84,-7.47,5.07,-1.81,Learned exposition
29844_21,-25.79,-3.38,7.32,-7.46,1.75,-3.19,Learned exposition
29844_22,-24.63,-5.81,8.14,-1.36,4.17,-1.78,Learned exposition
29844_23,-18.66,-5.97,7.67,5.59,1.08,-1.34,Learned exposition
29844_24,-15.97,-3.13,9.51,0.58,1.36,-2.02,Learned exposition
29844_3,-13.57,4.31,1.68,-4.79,16.68,-0.83,Scientific exposition
30076_12,-22.42,-3.6,12.36,-5.78,2.76,1.79,Learned exposition
30076_14,-16.4,11.96,9.98,-9.27,0.53,3.5,Learned exposition
30076_17,-23.38,-5.11,9.13,-7.39,1.68,-2.02,Learned exposition
30076_18,-19.05,-5.19,5.28,5.41,1.28,-0.0199999999999998,Learned exposition
30076_19,-15.03,-4.69,7.15,6.38,1.3,2.21,Learned exposition
30076_20,-22.73,-7.13,10.87,-1.1,-0.36,-2.14,Learned exposition
30076_21,-22.24,-5.26,4.69,-1.63,3.36,-1.47,Learned exposition
30076_22,-26.92,-6.48,13.29,-6.65,1.39,-2.48,Learned exposition
30535_19,-14.82,-3.91,11.51,1.33,2.45,0.9,Learned exposition
30535_24,-23.56,-5.07,7.87,-6.32,0.59,-2.43,Learned exposition
30535_25,-22.05,-3.48,4.86,-5.44,1.35,0.21,Learned exposition
30535_26,-18.95,-4.66,8.76,-1.92,2.12,-1.41,Learned exposition
30535_27,-18.49,-5.55,8.69,4.18,0.73,-1.78,Learned exposition
30535_28,-22.88,-5.68,6.29,1.61,-1,-1.85,Learned exposition
3114_11,-16.33,-2.44,18.07,6.25,-2.3,2.74,Learned exposition
3114_13,-22.26,-4.18,16.98,-9.27,-2,-3.5,Learned exposition
3114_17,-25.16,-5.57,14.26,-8.09,-0.22,-2.71,Learned exposition
3114_19,-22.19,-3.24,8.26,-5.55,3.28,-1.86,Learned exposition
3114_20,-22.05,-4.38,15.71,-5.74,4.07,-0.52,Learned exposition
3114_21,-21.88,-4.61,12.81,-3.5,5.11,-1.81,Learned exposition
3114_22,-21.15,-5.47,9.17,-7.18,0.93,-3.5,Learned exposition
3205_11,-17.91,-2.79,7.29,-3.4,0.22,0.57,Learned exposition
3205_13,-25.4,-7.08,12.32,-9.27,-3.29,-2.76,Learned exposition
3205_14,-22.7,-4.17,9.5,-6.8,0.86,-2.51,Learned exposition
3205_16,-19.65,-4.14,7.45,-7.51,0.84,-3.09,Learned exposition
3205_17,-22.61,-6.29,11.6,-9.27,-0.24,-3.5,Learned exposition
3205_18,-26.61,-6.5,13.56,-9.27,-2.68,-2.85,Learned exposition
3205_19,-17.61,-3.06,7.75,1.4,0.5,-2.35,Learned exposition
3205_20,-24.49,-4.02,9.08,-5.05,-0.4,-2.7,Learned exposition
33020_33,-19.66,-1.18,26.11,4.29,-0.88,2,Learned exposition
33020_34,-19.66,-1.18,26.11,4.29,-0.88,2,Learned exposition
33020_35,-19.66,-1.18,26.11,4.29,-0.88,2,Learned exposition
33020_37,-25.95,-3.86,16.14,-9.27,-2.76,-3.5,Learned exposition
33020_41,-20.75,-4.88,10.8,-4.85,3.88,-2.71,Learned exposition
33020_45,-23.64,-2.81,14.77,-5.6,2.26,-2.57,Learned exposition
33020_46,-23.64,-2.81,14.77,-5.6,2.26,-2.57,Learned exposition
33020_47,-23.89,-2.67,11.36,-6.83,0.84,-3.19,Learned exposition
33020_48,-24.4,-3.55,4.45,-7.95,-1.06,-2.62,Learned exposition
33020_49,-24.4,-3.55,4.45,-7.95,-1.06,-2.62,Learned exposition
33020_50,-23.96,-4.88,11.3,-9.27,0.78,-1.93,Learned exposition
33020_51,-22.99,-7.02,10.76,-9.27,-3.38,-3.5,Learned exposition
33020_52,-22.99,-7.02,10.76,-9.27,-3.38,-3.5,Learned exposition
33020_53,-20.37,-5.5,17.09,-9.27,-2.99,-3.5,Learned exposition
33020_54,-20.37,-5.5,17.09,-9.27,-2.99,-3.5,Learned exposition
33020_55,-16.81,-7,11.24,-7.36,1.99,-3.5,Learned exposition
33020_56,-16.81,-7,11.24,-7.36,1.99,-3.5,Learned exposition
33020_57,-16.81,-7,11.24,-7.36,1.99,-3.5,Learned exposition
33020_58,-21.2,-4.11,4.64,-7.65,-2.55,-3.5,Learned exposition
33020_59,-21.2,-4.11,4.64,-7.65,-2.55,-3.5,Learned exposition
33020_60,-24.23,-5.12,13.37,-6.79,1.67,-2.9,Learned exposition
33020_61,-25.3,-3.9,12.09,-9.27,-0.72,-2.52,Learned exposition
33020_62,-25.3,-3.9,12.09,-9.27,-0.72,-2.52,Learned exposition
33020_63,-23.63,-5.16,5.26,-5.99,-0.71,-2.81,Learned exposition
33020_64,-28.19,-0.86,20.34,-9.27,1.48,-3.5,Learned exposition
33020_65,-28.19,-0.86,20.34,-9.27,1.48,-3.5,Learned exposition
33020_66,-28.19,-0.86,20.34,-9.27,1.48,-3.5,Learned exposition
33020_67,-23.1,-2.15,7.39,-8.38,-0.0499999999999999,-3.5,Learned exposition
33020_68,-23.1,-2.15,7.39,-8.38,-0.0499999999999999,-3.5,Learned exposition
33020_71,-22.02,-5.09,10.54,-4.2,3.47,-1.8,Learned exposition
33020_72,-22.75,-3.46,8.77,-1.59,1.79,-2.4,Learned exposition
33020_73,-22.14,-1.81,11.07,-1.49,2.52,-0.21,Learned exposition
33020_75,-18.28,-0.14,12.51,-4.94,6.54,-2.35,Learned exposition
33020_76,-23.81,-4.46,8.72,-8.99,-2.21,-3.12,Learned exposition
33020_77,-19.69,-2.68,7,-7.85,0.84,-2.45,Learned exposition
33020_78,-24.65,-4.66,18.15,-6.99,1.01,-3.5,Learned exposition
33020_79,-21.61,-5.18,12.07,-5.23,0.69,-2.43,Learned exposition
33020_81,-22.95,-4.73,9.28,-6.32,1.49,-0.71,Learned exposition
33020_82,-20.62,-2.88,10.12,-4.57,2.35,-2.36,Learned exposition
33020_84,-16.7,-3.93,16.72,7.78,0.3,-1.45,Learned exposition
33020_85,-19.97,-3.31,9.28,1.03,0.21,-2.83,Learned exposition
33020_86,-26.96,-5.83,21.6,-7.64,-1.78,-2.66,Learned exposition
33020_87,-24.08,-4.68,9.98,-3.84,0.22,-1.48,Learned exposition
33035_12,-14.52,-1.49,21.7,-1.65,-1.86,3.81,Learned exposition
33035_14,-24.45,-4.15,9.51,-6.39,0.86,-2.4,Learned exposition
33035_15,-21.87,-4.88,10.83,-3.85,2.87,-2,Learned exposition
33035_16,-24.69,-6.17,16.94,-7.63,0.99,-2.78,Learned exposition
33035_18,-27.74,-6.56,13.77,-8.79,1.67,-2.85,Learned exposition
33035_21,-20.08,-3.87,10.4,-1.42,2.32,-1.66,Learned exposition
33035_22,-30.94,-6.73,21.47,-8.9,-2.86,-2.69,Learned exposition
33035_8,-24.24,-3.37,7.04,-8.86,0.44,-3.5,Learned exposition
33051_19,-18.82,-2.26,10.29,-2.08,5.1,-1.43,Learned exposition
33051_20,-22.09,-4.11,9.4,-5.92,1.42,-2.29,Learned exposition
33051_23,-20.58,-5.03,7.78,-0.82,1.14,-1.88,Learned exposition
33051_24,-18.81,-4.65,8.6,-0.32,2.94,-1.5,Learned exposition
33051_26,-26.14,-7.24,26.28,-8.06,-2.62,-2.91,Learned exposition
33051_27,-27.82,-7.19,7.45,-9.27,-2.87,-3.24,Learned exposition
33055_11,-16.81,-2.97,25.09,4.4,-2.41,2.33,Learned exposition
33055_13,-20.29,-4.99,9.76,-2.71,3.85,-2.66,Learned exposition
33055_15,-13.98,-6.58,6.99,-9.27,-2.08,-3.5,Learned exposition
33055_17,-21.98,-4.43,10.02,-5.56,0.66,-2.17,Learned exposition
33055_18,-31.3,-5.71,15.47,-6.83,0.0199999999999999,-3.5,Learned exposition
33055_19,-24.19,3.05,9.17,-9.27,-0.74,-3.5,Learned exposition
33055_20,-19.87,-3.65,10.68,-3.01,2.33,-1.55,Learned exposition
33055_21,-22.84,-4.18,10.24,-4.28,0.61,-2.38,Learned exposition
33055_2,-23.57,-5.07,11.35,-7.64,-0.87,-2.35,Learned exposition
33066_6,-21.2,-3.94,10.48,-5.1,2.46,-2.61,Learned exposition
33066_8,-29.49,-5.2,8.3,-1.41,2.92,-2.1,Learned exposition
33073_100,-17.86,-3.11,10.11,-1.12,6.76,-1.57,Scientific exposition
33073_101,-20.32,-4.38,11.63,2.48,3.62,-1,Learned exposition
33073_102,-20.32,-4.38,11.63,2.48,3.62,-1,Learned exposition
33073_105,-32.89,-7.31,17.1,-9.27,0.9,-3.5,Learned exposition
33073_106,-28.47,-5.33,16.95,-5.07,-2.05,-1.6,Learned exposition
33073_107,-28.47,-5.33,16.95,-5.07,-2.05,-1.6,Learned exposition
33073_108,-28.47,-5.33,16.95,-5.07,-2.05,-1.6,Learned exposition
33073_109,-28.47,-5.33,16.95,-5.07,-2.05,-1.6,Learned exposition
33073_111,-20.41,-6.09,3.98,0.4,2.6,2.26,Learned exposition
33073_116,-22.83,-6.54,8.42,-3.02,0.58,-0.62,Learned exposition
33073_117,-22.88,-4.91,5.81,-2.78,4.33,-0.12,Learned exposition
33073_118,-22.88,-4.91,5.81,-2.78,4.33,-0.12,Learned exposition
33073_119,-22.01,-4.44,4.88,-1.58,3.98,-0.78,Learned exposition
33073_11,-20.62,-5.53,12.86,-3.61,3.23,1.07,Learned exposition
33073_120,-20,-6.35,6.03,-1.09,2.13,-0.59,Learned exposition
33073_121,-20,-6.35,6.03,-1.09,2.13,-0.59,Learned exposition
33073_122,-20,-6.35,6.03,-1.09,2.13,-0.59,Learned exposition
33073_123,-20,-6.35,6.03,-1.09,2.13,-0.59,Learned exposition
33073_124,-17.36,-6.02,9.45,-0.95,3.15,-2.59,Learned exposition
33073_128,-18.32,-6.29,4.23,-7.7,3.5,-3.5,Learned exposition
33073_129,-19.86,-5.19,4.43,-4.85,2.4,-0.0399999999999998,Learned exposition
33073_130,-19.66,-5.74,4.36,-2.17,3.65,-2.62,Learned exposition
33073_131,-23.42,-3.17,6.24,-8.39,-1.84,-2.97,Learned exposition
33073_133,-10.88,-5.93,6.94,-8.13,2.66,-2.26,Scientific exposition
33073_134,-10.88,-5.93,6.94,-8.13,2.66,-2.26,Scientific exposition
33073_138,-19.61,-2.73,16.46,-2.45,2.49,1.64,Learned exposition
33073_140,-23.78,-3.84,12.63,-2.98,1.31,-1.14,Learned exposition
33073_141,-23.78,-3.84,12.63,-2.98,1.31,-1.14,Learned exposition
33073_142,-23.78,-3.84,12.63,-2.98,1.31,-1.14,Learned exposition
33073_143,-23.78,-3.84,12.63,-2.98,1.31,-1.14,Learned exposition
33073_144,-23.78,-3.84,12.63,-2.98,1.31,-1.14,Learned exposition
33073_145,-23.78,-3.84,12.63,-2.98,1.31,-1.14,Learned exposition
33073_146,-23.78,-3.84,12.63,-2.98,1.31,-1.14,Learned exposition
33073_147,-22.16,-3.32,12.57,-6.55,3.37,-2.24,Learned exposition
33073_148,-22.16,-3.32,12.57,-6.55,3.37,-2.24,Learned exposition
33073_149,-22.16,-3.32,12.57,-6.55,3.37,-2.24,Learned exposition
33073_150,-22.16,-3.32,12.57,-6.55,3.37,-2.24,Learned exposition
33073_151,-22.16,-3.32,12.57,-6.55,3.37,-2.24,Learned exposition
33073_152,-22.16,-3.32,12.57,-6.55,3.37,-2.24,Learned exposition
33073_153,-20.34,-5.12,14.54,-3.99,7.19,-2.28,Learned exposition
33073_154,-20.34,-5.12,14.54,-3.99,7.19,-2.28,Learned exposition
33073_155,-20.34,-5.12,14.54,-3.99,7.19,-2.28,Learned exposition
33073_156,-20.34,-5.12,14.54,-3.99,7.19,-2.28,Learned exposition
33073_157,-20.34,-5.12,14.54,-3.99,7.19,-2.28,Learned exposition
33073_158,-20.34,-5.12,14.54,-3.99,7.19,-2.28,Learned exposition
33073_159,-20.34,-5.12,14.54,-3.99,7.19,-2.28,Learned exposition
33073_160,-20.34,-5.12,14.54,-3.99,7.19,-2.28,Learned exposition
33073_161,-20.34,-5.12,14.54,-3.99,7.19,-2.28,Learned exposition
33073_163,-24.75,-6.14,9.73,-8.1,-2.74,-3.5,Learned exposition
33073_164,-21.89,-6.05,8.43,-9.27,-1.49,-3.5,Learned exposition
33073_165,-22.76,-6.39,9.73,-8.84,-2.85,-3.5,Learned exposition
33073_166,-18.1,-4.82,4.74,-8.89,-3.68,-3.5,Learned exposition
33073_167,-19.37,-4.8,8.33,-7.99,-2.41,-2.69,Learned exposition
33073_168,-24.06,-7.29,14.46,-7.97,-3.15,-3.5,Learned exposition
33073_169,-24.06,-7.29,14.46,-7.97,-3.15,-3.5,Learned exposition
33073_170,-18.67,-5.23,7.87,-3.35,4.27,-0.55,Learned exposition
33073_171,-18.67,-5.23,7.87,-3.35,4.27,-0.55,Learned exposition
33073_172,-25.13,-6.89,7.85,-7.46,-3.12,-3.09,Learned exposition
33073_173,-24.6,-5.15,10.61,-7.97,-0.71,-2.16,Learned exposition
33073_174,-24.4,-4.39,6.26,-7.82,-0.99,-3.5,Learned exposition
33073_175,-24.4,-4.39,6.26,-7.82,-0.99,-3.5,Learned exposition
33073_176,-24.09,-4.23,13.76,-6.93,-1.68,-3.5,Learned exposition
33073_177,-24.32,-5.24,12.6,-7.77,-1.13,-3.5,Learned exposition
33073_178,-22.61,-6.73,9.64,-9.27,1.72,-1.62,Learned exposition
33073_179,-22.61,-6.73,9.64,-9.27,1.72,-1.62,Learned exposition
33073_17,-25.36,-5.17,9.76,-8.5,-2.2,-2.21,Learned exposition
33073_180,-22.07,-6.51,6.76,-6.7,0.05,-3.31,Learned exposition
33073_181,-20.63,-5.61,10.1,-5.36,2.44,-1.72,Learned exposition
33073_182,-21.47,-2.11,7.56,-1.74,0.76,-0.22,Learned exposition
33073_183,-23.15,-4.8,6.87,-6.41,-0.18,-2.73,Learned exposition
33073_184,-22.17,-4.88,10.27,-6.83,-3,-2.04,Learned exposition
33073_185,-17.74,-5.37,12.63,-6.85,3.58,-1.97,Learned exposition
33073_186,-20.47,-5.96,11.9,-7.56,1.29,-2.38,Learned exposition
33073_187,-20.7,-5.39,4.67,-7.07,-0.96,-1.45,Learned exposition
33073_188,-23.72,-3.94,8.08,-8.65,4.1,-2.78,Learned exposition
33073_189,-23.72,-3.94,8.08,-8.65,4.1,-2.78,Learned exposition
33073_190,-23.03,-5.62,13.6,-6.68,1.4,-2.07,Learned exposition
33073_191,-24.93,-6,13.11,-6.82,1.27,-2.38,Learned exposition
33073_193,-26.31,-6.6,12.66,-9.27,2.04,-3.5,Learned exposition
33073_194,-25.04,-3.42,6.52,-2.33,-0.25,-1.88,Learned exposition
33073_195,-24.64,-4.06,4.59,-3.84,-0.39,-1.6,Learned exposition
33073_196,-22.8,-4.93,24.75,-9.27,-2.27,-3.5,Learned exposition
33073_197,-31,-3.84,15.64,-7,1.85,-2.5,Learned exposition
33073_198,-18.55,-0.390000000000001,8.92,-4.29,-0.94,2.88,Learned exposition
33073_199,-18.55,-0.390000000000001,8.92,-4.29,-0.94,2.88,Learned exposition
33073_200,-23.69,-4.96,8.36,-8.01,-0.9,-2.93,Learned exposition
33073_201,-23.69,-4.96,8.36,-8.01,-0.9,-2.93,Learned exposition
33073_202,-23.69,-4.96,8.36,-8.01,-0.9,-2.93,Learned exposition
33073_205,-20.36,-6.67,38.37,-9.27,2.67,1.67,Learned exposition
33073_206,-26.06,-4.54,6.97,-6.69,-0.1,-2.16,Learned exposition
33073_207,-26.03,-4.46,10.79,-7.3,2.03,-1.52,Learned exposition
33073_208,-25.09,-4.15,12.92,-7.7,0.09,-1.84,Learned exposition
33073_209,-21.09,-5.37,12.21,-6.35,5.06,-1.12,Learned exposition
33073_20,-18.05,-1.37,0.48,-1.58,1.44,-2.52,Learned exposition
33073_210,-21.09,-5.37,12.21,-6.35,5.06,-1.12,Learned exposition
33073_211,-21.09,-5.37,12.21,-6.35,5.06,-1.12,Learned exposition
33073_212,-21.09,-5.37,12.21,-6.35,5.06,-1.12,Learned exposition
33073_213,-21.09,-5.37,12.21,-6.35,5.06,-1.12,Learned exposition
33073_214,-21.89,-3.44,9.44,-4.3,3.32,-2.4,Learned exposition
33073_215,-21.89,-3.44,9.44,-4.3,3.32,-2.4,Learned exposition
33073_216,-21.89,-3.44,9.44,-4.3,3.32,-2.4,Learned exposition
33073_217,-21.89,-3.44,9.44,-4.3,3.32,-2.4,Learned exposition
33073_218,-21.18,-3.42,12.61,-2.13,5.8,-0.59,Learned exposition
33073_219,-21.18,-3.42,12.61,-2.13,5.8,-0.59,Learned exposition
33073_221,-17.94,-2.31,15.01,-7.82,0.42,-1.81,Learned exposition
33073_222,-28.29,-6.94,4.34,-7.78,-1.44,-2.95,Learned exposition
33073_224,-24.34,-5.76,10.32,-7.52,-1.83,-3.5,Learned exposition
33073_225,-18.55,-5.28,8.21,-7.45,4.58,-2.88,Learned exposition
33073_227,-21.18,-6.17,11.3,-9.27,-1.77,-3.5,Learned exposition
33073_228,-20.31,-2.62,7.53,-5.1,4.09,-3.5,Learned exposition
33073_230,-22.97,-2.91,14.7,-1.85,-0.61,-2.04,Learned exposition
33073_231,-16.1,-4.48,9.37,1.07,-0.37,0.14,Learned exposition
33073_232,-16.1,-4.48,9.37,1.07,-0.37,0.14,Learned exposition
33073_233,-16.1,-4.48,9.37,1.07,-0.37,0.14,Learned exposition
33073_234,-16.1,-4.48,9.37,1.07,-0.37,0.14,Learned exposition
33073_235,-13.36,-4.92,9.91,15.05,1.04,0.31,Scientific exposition
33073_236,-13.36,-4.92,9.91,15.05,1.04,0.31,Scientific exposition
33073_238,-14.32,-3.86,14.3,5.43,-1.03,-2.02,Learned exposition
33073_239,-14.32,-3.86,14.3,5.43,-1.03,-2.02,Learned exposition
33073_242,-14.67,-1.75,8,4.89,0.11,-0.74,Learned exposition
33073_243,-21.69,-3.35,6.71,-8.57,-2.02,-3.02,Learned exposition
33073_244,-16.85,-3.36,11.08,-2.79,3.78,-0.76,Learned exposition
33073_245,-17.14,-3.56,10.9,-3.24,3.23,-0.95,Learned exposition
33073_246,-16.97,-4.39,8.52,-0.67,2.42,-2.31,Learned exposition
33073_247,-17.8,-3.06,3.24,-3,-1.1,-3.09,Learned exposition
33073_248,-28.33,-7.02,25.21,-9.27,-3.92,-3.5,Learned exposition
33073_249,-29.57,-6.85,14.39,-6.56,-2.03,-2.04,Learned exposition
33073_251,-21.11,-7.23,16.93,-2.34,-1.28,-1.88,Learned exposition
33073_252,-21.11,-7.23,16.93,-2.34,-1.28,-1.88,Learned exposition
33073_253,-23.72,-7.16,14.45,-3.51,-1.73,-2.14,Learned exposition
33073_30,-27.63,-3.93,15.22,-6.02,-2.2,-2.31,Learned exposition
33073_48,-20.02,-4.94,13.89,-2.98,5.13,-0.43,Learned exposition
33073_49,-20.02,-4.94,13.89,-2.98,5.13,-0.43,Learned exposition
33073_53,-24.76,-3.64,10.1,-6.81,-1.58,-1,Learned exposition
33073_54,-24.76,-3.64,10.1,-6.81,-1.58,-1,Learned exposition
33073_55,-22.73,-4.93,6.03,-4.64,-0.11,-1.71,Learned exposition
33073_6,-18.54,-5.74,16.53,-3.41,3.83,-0.88,Learned exposition
34022_17,-18.78,-4.63,6.86,-0.52,3.03,-1.93,Learned exposition
34022_18,-16.5,-5.56,13.12,-4.22,3.22,-1.66,Learned exposition
34369_23,-21.74,-6.2,4.34,-8.31,-3.92,-3.5,Learned exposition
34369_27,-18.76,-2.09,13.35,-4.71,8.36,-2.66,Scientific exposition
34369_28,-22.31,-4.91,10.63,-6.07,1.24,-3.19,Learned exposition
34369_29,-22.98,-6.68,10.85,-7.49,0.17,-3.5,Learned exposition
34369_30,-22.98,-6.68,10.85,-7.49,0.17,-3.5,Learned exposition
34369_31,-23.85,-5.38,10.22,-5.6,1.61,-2.93,Learned exposition
34369_32,-23.85,-5.38,10.22,-5.6,1.61,-2.93,Learned exposition
34369_33,-25.64,-6.73,15.4,-7.56,-0.57,-3.5,Learned exposition
34369_35,-20.56,-5.53,7.41,-7.81,1.46,-2.95,Learned exposition
34369_37,-19.94,-5.51,9.61,-5.45,-1.65,-2.78,Learned exposition
34369_38,-20.61,-4.88,5.76,-5.75,1.5,-2.19,Learned exposition
34369_40,-14.43,-2.91,5.63,-5.35,2.85,0,Learned exposition
34369_41,-21.45,-6.27,11.39,-9.27,0.01,-3.5,Learned exposition
34369_42,-21.45,-6.27,11.39,-9.27,0.01,-3.5,Learned exposition
34369_43,-19.9,-5.01,8.92,-2.46,2.89,-1.81,Learned exposition
34369_45,-31.32,-6.99,6.13,-8.79,-2.99,-3.5,Learned exposition
34369_46,-19.97,-6.28,8.01,-6.49,-1.7,-3.5,Learned exposition
34369_48,-24.8,-3.23,9.92,-4.21,-1.05,-2.69,Learned exposition
34369_49,-23.47,-4.13,5.89,-4.3,1.52,-2.78,Learned exposition
34404_10,-22.74,-7.1,9.65,-8.52,-3.29,-2.5,Learned exposition
34404_11,-19.44,-5.96,6.27,-9.27,-2.3,-2.31,Learned exposition
34404_14,-22.68,-4.76,7.73,-7.45,-0.45,-2.7,Learned exposition
34404_15,-31.71,-7.26,6.55,-8.4,-2.17,-3.5,Learned exposition
34404_17,-16.75,-6.69,9.16,3.33,0.2,0.12,Learned exposition
34404_18,-24.07,-4.23,7.18,-5.82,-1.05,-3.02,Learned exposition
34404_9,-22.34,-3.21,11.16,-6.32,5.87,-2.67,Learned exposition
3486_10,-24.82,-4.32,14.13,6.13,-2.59,-0.41,Learned exposition
3486_12,-25.95,-7.15,17.26,-8.49,-3.92,-2.93,Learned exposition
3486_17,-23.59,-4.87,9.25,-6.81,1.24,-2.78,Learned exposition
36397_15,-18.35,-2.96,17.87,-0.2,1.01,-0.21,Learned exposition
36397_21,-21.97,-3.83,9.41,-6.52,0.69,-2.5,Learned exposition
36397_22,-15.16,-5.81,9.25,3.8,0.85,1.05,Learned exposition
36397_24,-29.13,-5.11,8.22,-2.44,-0.85,-2.97,Learned exposition
36536_13,-22.64,-5.44,8.54,-7.14,1.65,-2.5,Learned exposition
36536_14,-25.67,-6.14,8.16,-8.14,0.68,-2.85,Learned exposition
36536_15,-22.6,-4.09,8.45,-5.25,0.49,-2.52,Learned exposition
36536_3,-15.8,-4.23,16.08,2.88,-2.97,-1.33,Learned exposition
36536_9,-22,-6.33,12.63,-9.27,-2.68,-2.52,Learned exposition
3695_12,-17.83,-3.55,20.29,1.46,0.04,2.36,Learned exposition
3695_14,-23.29,-3.72,12.9,-5.76,5.02,-1.78,Learned exposition
3695_15,-22.04,-4.58,7.19,-9.27,-3.11,-3.5,Learned exposition
3695_20,-22.55,-3.99,8.75,-7.33,0.87,-2.86,Learned exposition
3695_21,-28.22,-5.13,9.11,-1.86,0.48,-2.26,Learned exposition
37330_15,-24.65,-5.17,10.82,-9.27,-0.92,-2.16,Learned exposition
37330_16,-24.67,-6.6,8.43,-7.91,-3.11,-3.5,Learned exposition
37330_19,-22.78,-4.64,9.63,-5.94,2.13,-2.24,Learned exposition
37330_20,-17.35,-2.8,4.54,-6.97,13.33,-3.5,Scientific exposition
37330_22,-22.35,-4.2,5.91,-3.55,7.41,-1.21,Learned exposition
37330_23,-25.07,-4.75,6.14,-8.44,4.05,-0.62,Learned exposition
37330_26,-21.99,-6.76,6.73,-6.77,-2.83,-2.95,Learned exposition
37330_27,-25.45,-7.38,1.21,-9.27,-3.92,-3.5,Learned exposition
37330_28,-30.4,-6.97,10.03,-8.9,-3.28,-3.31,Learned exposition
37330_30,-27.29,-4.93,9.72,-2.62,0.78,-1.95,Learned exposition
37330_31,-29.07,-5.7,12.4,-5.39,0.6,-2.97,Learned exposition
37330_32,-36.55,-6.57,11.83,-9.27,-2.8,-3.07,Learned exposition
37392_11,-25.54,-3.86,17.54,-8.88,-3.59,-3.5,Learned exposition
37392_14,-23.22,-4.9,9.81,-7.03,1.11,-2.65,Learned exposition
37392_15,-23.07,-3.35,9.64,-6.27,3.27,-3.09,Learned exposition
37392_16,-26.97,-2.94,10.01,-4.43,1.12,-2.2,Learned exposition
37392_9,-15.44,-1.66,15.22,2.27,0.17,1.31,Learned exposition
373_16,-21.84,-3.86,7.34,-6.88,1.28,-2.48,Learned exposition
373_17,-19.73,-5.35,1.14,-5.67,8.8,-2.19,Scientific exposition
373_19,-29.22,-4.94,12.02,-9.27,1.55,-3.5,Learned exposition
373_20,-16.83,-6.02,7.82,-2.22,2.78,-1.5,Learned exposition
37527_15,-23.7,-4.53,9.87,-6.22,1.68,-2,Learned exposition
37527_21,-20.44,-3.28,10.72,-8.99,2.46,-3.5,Learned exposition
37527_22,-34.65,-7.2,11.89,-8.04,-0.9,-3.5,Learned exposition
37527_7,-18.34,-3.35,15.46,-0.95,0.72,-0.58,Learned exposition
3793_8,-19.73,-6.49,9.28,1.09,1.31,0.15,Learned exposition
3793_9,-23.67,-5.1,7.42,-3.61,-0.62,-2.14,Learned exposition
3812_15,-23.76,-3.47,8,-6.86,1.15,-2.29,Learned exposition
3812_18,-30.53,-7.38,6.8,-9.27,-3.92,-3.5,Learned exposition
39764_14,-23.19,-7,10.95,-8.36,-3.06,-3.5,Learned exposition
39764_18,-21.06,-3.74,14.34,-5.12,4.47,-1.63,Learned exposition
39764_19,-23.56,-5.66,8.43,-7.03,0.63,-2.9,Learned exposition
39764_21,-35.88,-7.38,3.14,-9.27,-3.92,-3.5,Learned exposition
39764_22,-17.92,-4.65,10.69,-1.25,-1.56,0.09,Learned exposition
39847_10,-20.19,-1.26,10.7,-2.07,2.9,0.59,Learned exposition
39847_16,-25.16,-3.02,10.49,-5.88,1.18,-3.02,Learned exposition
39847_18,-17.19,-5.14,8.75,1.91,1.12,-1.57,Learned exposition
40003_17,-21.38,-6.78,4.66,-5.33,-2.93,-3,Learned exposition
40003_20,-17.01,2.16,19.29,1.64,0.0499999999999999,0.46,Learned exposition
40003_22,-19.55,-0.42,13.09,-4.29,7.26,-1.14,Learned exposition
40003_28,-22.95,-4.82,7.27,-6.13,0.47,-2.7,Learned exposition
40003_30,-32.81,-6.9,6.24,-8.47,-1.01,-3.5,Learned exposition
41001_14,-23.87,-1.34,12.01,-3.74,0.51,-2.74,Learned exposition
41001_20,-22.39,-4.71,10.73,-5.86,3.11,-2.33,Learned exposition
41001_21,-21.36,-3.9,9.32,-6.85,0.8,-2.47,Learned exposition
41001_23,-21.66,-1.16,9.56,-8.88,3.72,-1.93,Learned exposition
41001_25,-21.61,-6.48,9.53,-9.11,-3.24,-3.5,Learned exposition
41001_26,-18.34,-5.14,7,-1.4,0.43,-2.59,Learned exposition
41001_27,-19.56,-5.08,6.93,1.54,2.1,-1.22,Learned exposition
4199_15,-23.86,-4.37,10.01,-6.56,4.24,-2.65,Learned exposition
4199_16,-23.48,-4.39,8.08,-6.88,0.41,-2.88,Learned exposition
4199_17,-29.38,-7.11,3.12,-8.63,-0.0299999999999999,-2.85,Learned exposition
4199_18,-28.53,-6.87,3.58,-6.65,-3.58,-2.95,Learned exposition
4345_10,-15.23,-4.28,20.28,-1.03,-3.26,1.09,Learned exposition
4345_14,-22.19,-4.61,9.61,-4.79,6.53,-1.85,Learned exposition
4345_15,-22.82,-4.85,10.59,-7.66,-0.24,-3.21,Learned exposition
4345_18,-21.66,-4.51,13.56,0.0299999999999998,2.94,-2.69,Learned exposition
4345_19,-20.3,-5.41,8.37,2.73,0.74,-0.86,Learned exposition
4346_22,-11.14,13.23,20.84,-9.27,13.65,-3.5,Scientific exposition
4346_24,-21.92,-2.83,11.95,-4.84,3.63,-0.86,Learned exposition
4346_25,-23.77,-3.57,10.48,-7.37,2.29,-1.9,Learned exposition
4346_26,-22.15,-7.38,7.91,-9.27,-3.92,-3.5,Learned exposition
4346_27,-24.08,-2.87,6.61,-5.37,3.09,-1.33,Learned exposition
4346_28,-16.64,-0.98,12.47,-9.27,1.12,-3.5,Learned exposition
4346_30,-24.15,-1.61,15.07,-4.67,-1.59,-3.5,Learned exposition
4502_13,-21.12,-7.3,7.99,-9.27,-2.83,-3.5,Learned exposition
4502_16,-21.46,-3.79,15.56,-7.52,4.88,-3.09,Learned exposition
4502_17,-23.93,-4.39,8.9,-6.88,0.95,-2.82,Learned exposition
4502_18,-27.61,-7.27,24.94,-8.89,-2.61,-3.12,Learned exposition
4502_19,-22.74,-6.84,9.02,-4.58,-0.99,-2.85,Learned exposition
4515_10,-15.56,-1.36,21.09,3.39,-1.08,2.48,Learned exposition
4515_12,-21.51,-4.34,13.91,-6.31,3.66,-2.46,Learned exposition
4515_17,-24.95,-4.76,6.57,-6.88,0.1,-2.8,Learned exposition
4515_18,-30.67,-6.74,8.38,-4.73,-2.18,-2.85,Learned exposition
4786_13,-16.46,-4.42,19,0.44,1.45,1.26,Learned exposition
4786_17,-27.11,-4.87,11.81,-6.65,0.05,-2.67,Learned exposition
4786_18,-30.15,-5.29,11.03,-5.96,-1.79,-3.5,Learned exposition
4834_11,-26.67,-4.36,12.18,-5.13,0.91,-2.22,Learned exposition
487_12,-23.13,-6.87,14.37,-8.03,-1.5,-2.88,Learned exposition
487_13,-22.66,-4.22,9.02,-7.49,0.1,-2.65,Learned exposition
487_14,-21.05,-2.6,14.24,-3.68,2.55,-0.66,Learned exposition
487_17,-20.54,-5.79,6.73,-0.44,-0.84,-0.26,Learned exposition
4997_14,-22.88,-4.95,10.26,-7.1,0.72,-2.84,Learned exposition
4997_16,-17.14,-5.05,8.56,6.19,2.51,-0.19,Learned exposition
4997_17,-26.56,-6.78,7.49,-4.53,-0.51,-1.38,Learned exposition
501_11,-14.76,-2.13,19.42,3.29,0.64,5.14,Learned exposition
501_15,-20.92,-7.04,18.3,-9.27,-2.35,-2.26,Learned exposition
501_19,-23.72,-5.45,9.73,-7.09,0,-2.9,Learned exposition
501_20,-15.24,-6.06,8.85,-0.32,2.05,-0.31,Learned exposition
501_21,-24.13,-4.99,9.18,0.25,2.02,-1.16,Learned exposition
5106_12,-16.01,-2.77,21.25,5.93,-2.33,2.62,Learned exposition
5312_12,-19.45,-6.32,17.66,-8.52,-1.93,-2.5,Learned exposition
5312_15,-23.09,-3.08,14.58,-6.99,4.1,-2.69,Learned exposition
5312_16,-23.09,-4.97,7.89,-7.26,-0.55,-2.83,Learned exposition
5312_18,-17.68,-5.88,8.37,5.46,1.56,-1.36,Learned exposition
5312_19,-31.33,-5.05,6.42,-7.07,-3.16,-3.26,Learned exposition
5370_15,-22.04,-4.41,9.65,-5.7,1.13,-2.19,Learned exposition
5370_16,-23.82,-5,8.96,-6.28,0.47,-1.96,Learned exposition
5391_17,-19.24,-4.19,7.37,-3.96,4.18,-1.77,Learned exposition
5391_18,-23.63,-4.28,9.35,-6.58,0.54,-2.86,Learned exposition
5391_20,-23.08,-5.67,5.62,-0.5,-0.82,-2.12,Learned exposition
5391_2,-21.87,-6.12,19.64,-9.27,-1.17,-3.5,Learned exposition
5534_14,-22.09,-5,7.51,-7.28,1.04,-3.08,Learned exposition
5534_18,-18.24,-5.74,7.59,2.08,0.87,0.29,Learned exposition
5534_19,-18.27,-4.6,6.83,3.41,4.38,0.2,Learned exposition
5534_20,-21.17,-4.56,7.62,0.66,-1.12,-1.24,Learned exposition
5676_10,-21.94,-5.27,8.9,-9.27,-3.92,-2.38,Learned exposition
5676_14,-22.23,-5.13,9.14,-6.52,0.69,-2.48,Learned exposition
5676_16,-27.1,-7.38,2.78,-6.29,-3.92,-3.5,Learned exposition
5736_10,-17.02,-1.18,8.53,-2.59,-0.0400000000000001,0.59,Learned exposition
5736_25,-26.94,-6.75,10.45,-8.91,-1.45,-3.5,Learned exposition
5736_27,-21.96,-3.59,9.34,-4.55,3.75,-2.07,Learned exposition
5736_28,-23.8,-4.48,9.24,-7.31,0.0400000000000001,-2.65,Learned exposition
5736_32,-26.65,-5.98,6.91,0.46,0.44,-2.38,Learned exposition
5736_4,-14.2,1.32,7.8,-4.39,1.7,1.49,Learned exposition
6055_10,-16.04,-4.3,20.67,0.87,1.64,3.5,Learned exposition
6055_16,-21.65,-4.93,9.1,-6.37,1.58,-2.37,Learned exposition
6055_18,-19.22,-4.3,8.75,-1.37,-1.01,-1.61,Learned exposition
6083_21,-21.44,-4.6,8.42,-7.18,1.48,-2.77,Learned exposition
6083_23,-34.02,-6.2,5.87,-6.86,2.6,-3,Learned exposition
6083_24,-31.57,-6.06,11.86,-9.27,-3.92,-3.5,Learned exposition
6173_13,-23.62,-4.22,9.63,-6.97,0.6,-2.45,Learned exposition
6173_15,-17.29,-5,8.88,2.49,-0.1,-1.66,Learned exposition
6357_13,-21.84,-2.71,12.7,-3.15,3.53,-0.93,Learned exposition
6357_16,-22.15,-7.38,14.28,-7.75,-3.21,-3.5,Learned exposition
6357_20,-22.21,-3.44,10.49,-6.07,4.61,-2.1,Learned exposition
6357_21,-24.44,-5.32,10.79,-7.99,-0.88,-2.91,Learned exposition
6357_23,-23.77,-0.58,7.07,-8.06,-1.23,-3.5,Learned exposition
6357_25,-22.07,-6.18,9.19,-1.16,0.25,-1.38,Learned exposition
6403_10,-24.28,-4.5,11.02,-6.38,3.34,-2.59,Learned exposition
6403_11,-23.98,-3.42,8.72,-8.43,-2.4,-2.38,Learned exposition
6403_15,-24.93,-4.26,9,-7.43,0.76,-2.09,Learned exposition
6403_16,-16.48,-6.37,8.8,5.92,1.58,1.16,Learned exposition
6403_17,-27.71,-7.38,9.8,-8.73,-3.92,-3.5,Learned exposition
6488_24,-22.08,-6.04,11.52,-8.94,-3.29,-3.26,Learned exposition
6488_25,-20.67,-3.52,11.82,-6,3.74,-2.15,Learned exposition
6488_26,-22.82,-5,8.54,-7.06,0.63,-2.76,Learned exposition
6488_27,-13.35,-5.45,7.9,3.45,2.8,0.57,Scientific exposition
6488_28,-23.12,-5.13,10.71,-2.92,1.08,-2.59,Learned exposition
6550_14,-24.43,-4.48,13.31,-7.61,4.81,-2.81,Learned exposition
6550_15,-22.9,-5.17,7.41,-7.16,0.91,-2.88,Learned exposition
6550_18,-15.76,-5.43,7.31,6.1,1.96,-0.12,Learned exposition
6550_19,-33.75,-7.35,3.36,-9.27,-3.92,-3.5,Learned exposition
6550_20,-24.67,-5.01,11.38,-2.63,-0.47,-2.35,Learned exposition
6585_13,-32.38,-7.25,8.81,-8.68,-1.68,-3.5,Learned exposition
6585_15,-20.07,-6.09,6.99,-1.39,-0.88,-2.28,Learned exposition
6585_16,-23.01,-7.38,-4.91,-9.27,-3.92,-0.85,Learned exposition
6585_17,-24.01,-7.38,12.8,-9.27,-3.24,-3.5,Learned exposition
6585_9,-24.07,-4.99,11.44,-7.37,0.8,-2.69,Learned exposition
6606_10,-16.11,-0.09,1.83,-3.01,1.23,-2.09,Learned exposition
6606_11,-19.49,-5.25,12.42,-3.73,3.47,-2.09,Learned exposition
6606_12,-13.05,-4.3,2.16,-3.53,-0.06,-0.88,General narrative exposition
6606_13,-22.73,-4.41,10.48,-3.64,0.53,-1.76,Learned exposition
6606_9,-21.94,-4.89,6.61,-3.11,-0.45,-1.69,Learned exposition
6681_10,-16.22,-2.46,8.73,-7.99,2.05,-3.5,Learned exposition
6681_11,-20.42,-3.81,9.94,-5.56,1.81,-2.47,Learned exposition
6681_12,-20.02,-2.99,6.18,-5.61,2.61,-0.6,Learned exposition
6681_14,-19.92,-5.06,7.99,-4.44,0.0399999999999999,-2.66,Learned exposition
6681_15,-17.09,-4.19,6.09,5.94,2.81,-1.57,Learned exposition
6845_13,-15.76,-4.82,8.43,-6.85,7.57,-3.04,Scientific exposition
6845_14,-19.57,-5.14,8.66,-7.1,-0.72,-3.14,Learned exposition
6845_18,-17.24,-1.82,17.96,0.98,-0.79,3.64,Learned exposition
6845_20,-32.47,-7.13,5.15,-9.27,-3.92,-3.5,Learned exposition
6867_11,-25.11,-4.56,15.18,-6.53,5.31,-2.45,Learned exposition
6867_12,-24.94,-3.5,8.72,-6.57,0.92,-2.27,Learned exposition
6867_17,-23.9,-3.91,16.19,-2.23,-3.35,-3.04,Learned exposition
6867_5,-15.63,-2.96,20.5,0.6,-2.5,4.1,Learned exposition
6867_7,-24.83,-6.94,14.71,-7.85,-3.92,-3.5,Learned exposition
6977_12,-24.7,-4.05,9.16,-7.4,1.15,-2.62,Learned exposition
6977_13,-27.66,-6.32,4.72,-8.37,0.48,-2.74,Learned exposition
6977_15,-22.84,-5.59,8.36,4.16,2.71,-1.62,Learned exposition
6977_6,-17.3,-2.94,23.33,4.69,-2.47,2.1,Learned exposition
6977_8,-23.75,-6.84,10.68,-9.27,-1.36,-3.5,Learned exposition
704_12,-16.51,-1.98,19.45,4.6,-1.65,2.19,Learned exposition
704_18,-23.31,-4.11,8.88,-6.67,1.16,-2.64,Learned exposition
704_20,-22.82,-5.32,6.86,0.36,-0.1,-0.58,Learned exposition
708_13,-24.75,-4.69,13.87,-6.57,3.78,-2.9,Learned exposition
708_19,-23.16,-5.28,10.08,-7.74,-1.04,-2.91,Learned exposition
708_21,-19.91,-5.84,9.97,-3.11,4.16,-1.66,Learned exposition
708_22,-29.21,-7.23,7.94,-7.17,-1.32,-2.71,Learned exposition
708_23,-24.6,-6.08,7.35,2.85,-1.34,-2.76,Learned exposition
708_24,-26.14,-5.46,17.46,-7.46,5.18,-1.97,Learned exposition
708_8,-24.67,-4.92,11.07,1.43,-2.74,0.59,Learned exposition
7096_11,-23.74,-4.74,9.49,-7.52,1.25,-2.95,Learned exposition
7096_13,-15.88,-5.98,7.18,4.39,1.31,-0.83,Learned exposition
7429_11,-23.65,-4.22,7.35,-8.68,-3.42,-3.5,Learned exposition
7429_16,-20.49,-5.5,7.19,-3.78,5.17,-2.62,Learned exposition
7429_17,-24.27,-3.95,8.31,-6.63,1.4,-2.77,Learned exposition
7429_19,-22.89,-5.21,4.82,-7.59,2.42,-3.5,Learned exposition
7429_21,-28.15,-6.91,8.87,-6.29,-1.23,-2.64,Learned exposition
7470_12,-19.3,-2.08,11.89,-4.2,1,-1.71,Learned exposition
7470_16,-24.06,-4.03,9.96,-7.76,0.84,-2.71,Learned exposition
7470_17,-23.07,-4.16,8.49,-3.54,1.16,-2.41,Learned exposition
7552_15,-23.37,-3.81,8.51,-7.03,0.56,-2.47,Learned exposition
7552_17,-31.88,-6.19,11.86,-9.27,-2.83,-2.95,Learned exposition
7862_13,-15.77,-1.99,11.27,-1.71,2.1,-1.95,Learned exposition
7862_16,-25.86,-5.37,14.92,-8.84,-3.14,-3.5,Learned exposition
7862_17,-25.86,-5.37,14.92,-8.84,-3.14,-3.5,Learned exposition
7862_18,-25.86,-5.37,14.92,-8.84,-3.14,-3.5,Learned exposition
7862_19,-25.07,-4.61,11.36,-6.98,4.23,-3.5,Learned exposition
7862_20,-24.73,-5.76,9.16,-6.8,0.76,-2.88,Learned exposition
7862_21,-27.16,-6.86,6.34,-8,-1.82,-3.16,Learned exposition
7862_22,-29.86,-7.15,3.83,-9.27,-2.65,-3.5,Learned exposition
7862_24,-28.88,-5.6,5.1,-5.78,-0.83,-3.09,Learned exposition
7924_10,-19.65,-0.42,8.46,-0.43,2.07,-1.35,Learned exposition
7924_12,-26.8,-5.82,9.16,-2.85,0.74,-2.69,Learned exposition
7924_17,-23.77,-4.97,11.05,-8.14,-2.79,-3.5,Learned exposition
7924_20,-23.62,-3.96,14.93,-5.73,5.11,-1.81,Learned exposition
7924_21,-24.64,-5.07,9.24,-5.82,1.15,-2.63,Learned exposition
7967_12,-15.38,-3.68,20.19,1.44,1.34,1.4,Learned exposition
8084_11,-22.65,-4.93,10.7,-6.53,1.56,-2.42,Learned exposition
8084_14,-19.01,-4.64,10.74,0.36,0.1,-2.28,Learned exposition
8084_7,-20.96,-5.19,16.29,-7.81,0.21,-2.09,Learned exposition
8269_4,-23.42,-4.68,9.77,-6.32,0.39,-2.55,Learned exposition
8269_6,-22.54,-6.05,8.53,-7.1,-3.47,-2.78,Learned exposition
8269_7,-26.8,-4.04,12.54,-7.3,-0.0400000000000001,-3.5,Learned exposition
8269_8,-26.24,-5.92,17.97,-7.53,-1.88,-2.81,Learned exposition
8320_14,-20.37,-5.58,11.92,-6.32,1.39,-1.5,Learned exposition
8320_16,-18.6,-5.94,7.23,-0.89,1.29,-2.71,Learned exposition
8320_17,-29.51,-7,13.84,-3.36,3.54,-2.95,Learned exposition
8349_23,-16.35,-4.26,20.05,-0.04,1.75,1.54,Learned exposition
8349_28,-22.5,-4.64,8.54,-6.79,1.28,-2.74,Learned exposition
8349_29,-31.41,-6.88,22.99,-8.13,-0.83,-3.5,Learned exposition
8349_30,-26.3,-6,6.69,-1.91,-1.4,-2.78,Learned exposition
8349_3,-20.73,-4.56,12.84,-4.89,-1.9,-1.48,Learned exposition
8363_11,-22.88,-4.82,10.66,-7.73,1.18,-2.62,Learned exposition
8382_17,-21.56,-4.58,12.16,-4.67,5.8,-2.26,Learned exposition
8382_18,-22.52,-5.28,9.1,-7.3,-0.22,-2.83,Learned exposition
8382_19,-26.96,-4.79,8.63,-7.45,2.37,-1.59,Learned exposition
8382_20,-27.99,-6.54,11.54,-7.29,-1.89,-3.5,Learned exposition
8382_21,-21.64,-2.98,9.44,-3.01,0.32,-1.38,Learned exposition
8382_9,-19.14,-2.64,14.33,0.390000000000001,-3.21,0.38,Learned exposition
841_22,-22.44,-5.62,12.25,-8.05,1.07,-3.12,Learned exposition
841_24,-15.35,-2.8,19.15,6.92,-1.05,2.04,Learned exposition
841_26,-23.51,-6.74,8.16,-9.27,-2.09,-3.5,Learned exposition
841_27,-26.03,-7.07,4.96,-8.68,-2.66,-3.5,Learned exposition
841_28,-19.67,-5.63,7.97,3.68,3.4,-2.71,Learned exposition
8519_13,-24.03,-4.95,10.37,-7.56,-0.16,-2.46,Learned exposition
8598_11,-23.09,-4.69,10.36,-7.31,-0.14,-2.43,Learned exposition
8598_12,-25.37,-5.71,8.14,-6.49,-2.38,-2.83,Learned exposition
8598_5,-15.5,2.04,16.03,1.36,0.44,0.7,Learned exposition
8598_7,-24.38,-7.27,17.64,-9.27,-3.92,-3.5,Learned exposition
8598_8,-21.11,-7.38,8.88,-8.15,7.81,-3.5,Learned exposition
867_13,-20.85,-3.92,11.72,-4.51,3.63,-2.62,Learned exposition
867_14,-20.93,-5.11,8.8,-7.57,-0.13,-2.69,Learned exposition
867_15,-18.75,-1.37,15.95,0.38,1.76,1.15,Learned exposition
867_17,-19.26,-4.27,11.68,-4.78,4.55,-2.83,Learned exposition
867_18,-20.35,-4.85,15.97,-9.27,-1.29,-3.5,Learned exposition
867_20,-25.58,-6.02,6.64,-8.2,2.93,-1.12,Learned exposition
8699_10,-22.05,-4.56,8.95,-6.34,0.26,-2.33,Learned exposition
8699_11,-20.79,-3.66,11.38,-7.09,0.13,-1.54,Learned exposition
8699_12,-24.13,-5.55,12.34,-9.27,0.74,-3.5,Learned exposition
8699_13,-22.08,-4.81,9.97,-4.05,-2.02,-2.71,Learned exposition
8699_14,-21.76,-4.69,6.32,-3.92,-1.67,-0.79,Learned exposition
8699_15,-17.8,-3.94,9.27,-2.45,0.11,-1.2,Learned exposition
8699_5,-22.57,-5.22,16.46,-8.13,-0.56,-2.51,Learned exposition
8737_10,-20.3,-2.82,11.74,-8.49,-0.51,-3.5,Learned exposition
8737_13,-25.02,-4.39,9.67,-7.03,1.53,-2.63,Learned exposition
8737_15,-21.84,-5.74,3.74,-4.19,1.68,-1.59,Learned exposition
8737_16,-17.51,-5.74,7.21,2.54,1.33,-1.16,Learned exposition
8836_16,-21.82,-3.7,5.87,-9.27,-1.14,-3.5,Learned exposition
8836_18,-22.72,-4.84,13.5,-4.91,3.96,-2.02,Learned exposition
8836_19,-23.05,-4.93,9.02,-6.66,1.14,-2.69,Learned exposition
8849_16,-16.17,-2.4,22.94,5.44,-2.29,2.8,Learned exposition
8849_22,-23,-6.23,13.24,-4.94,4.75,-1.95,Learned exposition
8849_23,-24.13,-5.72,8.66,-7.69,0.03,-3,Learned exposition
8849_24,-33.06,-6.54,6.28,-7.75,-0.39,-3.5,Learned exposition
8849_25,-28.72,-6.94,9.69,-4.65,-0.13,-1.59,Learned exposition
8849_26,-27.67,-6.74,13.08,-9,0.14,-3.5,Learned exposition
8877_19,-24.06,-4.32,10.18,-6.91,0.58,-2.86,Learned exposition
8877_22,-18.29,-6.58,10.86,2.6,0.24,-0.05,Learned exposition
9046_14,-16.28,-4.53,13.37,1.02,-2.59,1.05,Learned exposition
9046_20,-20.79,-4.96,10.15,-6.22,1.44,-2.55,Learned exposition
9046_22,-13.73,-2.76,4.65,-9.27,-0.77,-3.5,Learned exposition
9046_23,-26.98,-6.82,7.87,-1.32,1.75,-2.4,Learned exposition
9046_7,-24.72,-2.4,6.1,-4.05,-0.46,-1.81,Learned exposition
9047_5,-21.35,-4.28,10.99,-6.22,2.74,-1.4,Learned exposition
9047_6,-16.97,-4.15,18.79,2.13,-1.71,3.23,Learned exposition
9047_8,-24.66,-3.86,10.18,-6.49,1.15,-2.41,Learned exposition
9131_10,-23.14,-4.49,11.27,-7.08,0.16,-2.5,Learned exposition
9131_12,-25.31,-3.29,9.93,-4.48,0.06,-1.96,Learned exposition
9131_6,-19.19,-7.25,10.05,-9.27,-2.66,-2.57,Learned exposition
9131_8,-23.21,-6.58,18.31,-9.27,-1.03,-2.04,Learned exposition
9131_9,-21.08,-6.84,9.19,-9.27,0.41,-2.21,Learned exposition
9147_14,-18.43,-1.66,14.72,-0.52,1.81,-2.31,Learned exposition
9147_16,-24.14,-5.66,7.38,-7.61,-3.53,-3.28,Learned exposition
9147_17,-22.81,-3.57,7.54,-2.87,1.63,-1.66,Learned exposition
9147_1,-26.15,-7.19,10.66,-8.77,-3.92,-3.5,Learned exposition
9219_10,-24.34,-4.53,10.38,-5.41,0.71,-2.62,Learned exposition
9219_11,-22.33,-5.64,11.57,-3.36,1.96,-3.02,Learned exposition
9219_12,-24.84,-3.28,7.7,-5.06,-0.27,-2.62,Learned exposition
9242_10,-16.92,-3.03,16.42,2.74,-0.61,1.4,Learned exposition
9242_17,-24.14,-3.9,9.4,-4.61,5.17,-3,Learned exposition
9242_18,-19.54,-4.24,8.37,-7.25,0.0200000000000001,-2.83,Learned exposition
9242_19,-30.55,-6.7,11.33,-6.62,-0.51,-3.5,Learned exposition
9242_21,-24.65,-5.35,9.34,-3.96,0.8,-1.88,Learned exposition
9458_13,-22.72,-5.14,9.72,-6.6,0.49,-2.84,Learned exposition
9458_14,-26.61,-6.07,14.49,-8.67,-2.96,-3.5,Learned exposition
9458_15,-15.74,-4.02,8.78,3.58,-0.36,-3.5,Learned exposition
9458_16,-32.57,-7.3,3.06,-9.27,-3.73,-3.5,Learned exposition
9458_17,-38.96,-7.12,9.94,-7.82,-3.59,-2.76,Learned exposition
9531_11,-21.6,-3.98,14.27,-5.9,3,-1.26,Learned exposition
9531_12,-22.62,-4.95,6.56,-6.65,1.18,-3.12,Learned exposition
9531_14,-21.71,-3.91,7.4,-3.05,2.15,-0.76,Learned exposition
9531_7,-19.5,-5.32,10.92,-8.38,-3.17,-3.5,Learned exposition
9599_10,-22.41,-1.5,14.59,-7.76,5,-2.54,Learned exposition
9599_11,-20.96,-6.91,10.83,-8.43,-2.4,-2.38,Learned exposition
9599_15,-23.23,-4.43,10.15,-7.63,-0.26,-2.88,Learned exposition
9599_16,-15.29,-5.89,8.14,5.98,1.41,0.67,Learned exposition
963_10,-26.08,-4.25,7.78,-3.84,0.84,-2.31,Learned exposition
9782_13,-22.21,-4.54,8.89,-6.78,0.86,-2.48,Learned exposition
9782_14,-23.77,-5.97,7.54,-9.27,-0.64,-3.5,Learned exposition
9782_15,-20.73,-3.23,8.5,-4.02,0.21,-1.69,Learned exposition
9782_6,-22.98,-2.09,9.67,-4.44,0.17,-2.1,Learned exposition
9797_16,-24.42,3.89,10.65,-9.27,-1.82,-1.95,Learned exposition
9797_17,-23.91,-3.87,9.68,-6.37,1.16,-2.96,Learned exposition
9797_18,-17.71,-5.99,4.67,-0.54,-1.2,-2.09,Learned exposition
9811_13,-14.4,-0.19,15.56,-1.93,3.05,1.45,Learned exposition
9811_19,-23.26,-5.13,9.07,-7.14,0.22,-2.72,Learned exposition
9811_20,-19.47,-5.18,8.1,1.15,2.02,0.26,Learned exposition
9829_9,-16.31,0.34,15.78,-5.61,4.02,2.04,Learned exposition
9917_15,-23.42,-4.2,7.46,-7.57,-0.08,-2.81,Learned exposition
9917_16,-18.45,-2.48,10.23,-3.86,6.69,-1.67,Learned exposition
9917_18,-42.47,-7.33,3.99,-9.27,-3.92,-3.5,Learned exposition
9917_8,-22.91,-1.34,10.8,-4.85,0.25,-1.46,Learned exposition
MAT_2003,-22.11,-4.59,10.30,-4.92,0.67,-2.00,Learned exposition